episode_step	action	reward	q_value	done	state_time_norm	state_queue_norm	state_wait_norm	state_density_norm	state_speed_norm	state_flow_norm	next_state_time_norm	next_state_queue_norm	next_state_wait_norm	next_state_density_norm	next_state_speed_norm	next_state_flow_norm
1	0	0.040000	0.004000	False	0.001000	0.050000	0.000000	0.001000	0.000000	0.050000	0.001000	0.050000	0.000000	0.001000	0.000000	0.050000
2	0	0.080000	0.011600	False	0.001000	0.050000	0.000000	0.001000	0.000000	0.050000	0.002000	0.000000	0.000000	0.001000	0.081500	0.050000
3	0	0.080000	0.008000	False	0.002000	0.000000	0.000000	0.001000	0.081500	0.050000	0.003000	0.000000	0.000000	0.001000	0.163400	0.050000
4	0	0.200000	0.020000	False	0.003000	0.000000	0.000000	0.001000	0.163400	0.050000	0.004000	0.050000	0.000000	0.003000	0.281800	0.150000
5	0	0.240000	0.024000	False	0.004000	0.050000	0.000000	0.003000	0.281800	0.150000	0.005000	0.000000	0.000000	0.003000	0.369600	0.150000
6	0	0.275234	0.027496	False	0.333300	0.000000	0.000300	0.303100	0.200000	0.000000	0.000000	0.000000	0.000300	0.350500	0.200000	0.016700
7	0	0.327335	0.032701	False	0.000000	0.000000	0.000300	0.350500	0.200000	0.016700	0.133300	0.000000	0.000400	0.374700	0.280000	0.016700
8	0	0.506333	0.050583	False	0.133300	0.000000	0.000400	0.374700	0.280000	0.016700	0.333300	0.000000	0.000700	0.372700	0.480000	0.016700
9	0	0.723563	0.072284	False	0.333300	0.000000	0.000700	0.372700	0.480000	0.016700	0.000000	0.000000	0.000700	0.407100	0.480000	0.016700
10	0	17.280081	1.726282	False	0.000000	0.000000	0.000700	0.407100	0.480000	0.016700	0.833300	0.361100	0.006900	0.410200	1.000000	0.000000
11	0	4.135157	0.413103	False	0.833300	0.361100	0.006900	0.410200	1.000000	0.000000	1.000000	1.000000	0.011500	0.252300	1.000000	0.000000
12	0	-1.467630	-0.146616	False	1.000000	1.000000	0.011500	0.252300	1.000000	0.000000	1.000000	1.000000	0.011400	0.250700	1.000000	0.016700
13	0	-1.088562	-0.108747	False	1.000000	1.000000	0.011400	0.250700	1.000000	0.016700	1.000000	1.000000	0.011600	0.246900	1.000000	0.016700
14	0	4.863898	0.485904	False	1.000000	1.000000	0.011600	0.246900	1.000000	0.016700	1.000000	1.000000	0.011400	0.263800	1.000000	0.016700
15	0	5.255909	0.525066	False	1.000000	1.000000	0.011400	0.263800	1.000000	0.016700	1.000000	1.000000	0.011600	0.257800	1.000000	0.016700
16	0	5.729566	0.572384	False	1.000000	1.000000	0.011600	0.257800	1.000000	0.016700	1.000000	1.000000	0.011700	0.251100	1.000000	0.016700
17	0	6.115305	0.610920	False	1.000000	1.000000	0.011700	0.251100	1.000000	0.016700	1.000000	1.000000	0.011800	0.232600	1.000000	0.016700
18	0	6.227847	0.622163	False	1.000000	1.000000	0.011800	0.232600	1.000000	0.016700	1.000000	1.000000	0.011700	0.227700	1.000000	0.016700
19	0	6.378758	0.637239	False	1.000000	1.000000	0.011700	0.227700	1.000000	0.016700	1.000000	1.000000	0.011900	0.227500	1.000000	0.016700
20	0	6.581328	0.657475	False	1.000000	1.000000	0.011900	0.227500	1.000000	0.016700	1.000000	1.000000	0.012000	0.216700	1.000000	0.016700
21	0	6.720110	0.671340	False	1.000000	1.000000	0.012000	0.216700	1.000000	0.016700	1.000000	1.000000	0.012200	0.216200	1.000000	0.016700
22	3	7.080906	0.707383	False	1.000000	1.000000	0.012200	0.216200	1.000000	0.016700	1.000000	1.000000	0.012400	0.217800	1.000000	0.033300
23	0	7.092114	0.708503	False	1.000000	1.000000	0.012400	0.217800	1.000000	0.033300	1.000000	1.000000	0.012500	0.224200	1.000000	0.016700
24	4	7.455993	0.744854	False	1.000000	1.000000	0.012500	0.224200	1.000000	0.016700	1.000000	1.000000	0.012600	0.226000	1.000000	0.033300
25	3	7.347279	0.733994	False	1.000000	1.000000	0.012600	0.226000	1.000000	0.033300	1.000000	1.000000	0.012800	0.222600	1.000000	0.050000
26	0	7.286863	0.727958	False	1.000000	1.000000	0.012800	0.222600	1.000000	0.050000	1.000000	1.000000	0.012900	0.223700	1.000000	0.016700
27	1	7.465800	0.745834	False	1.000000	1.000000	0.012900	0.223700	1.000000	0.016700	1.000000	1.000000	0.012900	0.223600	1.000000	0.016700
28	0	7.410139	0.740274	False	1.000000	1.000000	0.012900	0.223600	1.000000	0.016700	1.000000	1.000000	0.013000	0.220300	1.000000	0.016700
29	0	7.508360	0.750086	False	1.000000	1.000000	0.013000	0.220300	1.000000	0.016700	1.000000	1.000000	0.012900	0.222700	1.000000	0.016700
30	0	7.563650	0.755609	False	1.000000	1.000000	0.012900	0.222700	1.000000	0.016700	1.000000	1.000000	0.013100	0.217300	1.000000	0.016700
31	0	7.499034	0.749154	False	1.000000	1.000000	0.013100	0.217300	1.000000	0.016700	1.000000	1.000000	0.013100	0.212100	1.000000	0.016700
32	0	7.286122	0.727884	False	1.000000	1.000000	0.013100	0.212100	1.000000	0.016700	1.000000	1.000000	0.013300	0.202200	1.000000	0.016700
33	1	7.432856	0.742543	False	1.000000	1.000000	0.013300	0.202200	1.000000	0.016700	1.000000	1.000000	0.013400	0.203700	1.000000	0.016700
34	0	7.453530	0.744608	False	1.000000	1.000000	0.013400	0.203700	1.000000	0.016700	1.000000	1.000000	0.013600	0.203100	1.000000	0.016700
35	0	7.529303	0.752178	False	1.000000	1.000000	0.013600	0.203100	1.000000	0.016700	1.000000	1.000000	0.013700	0.204600	1.000000	0.016700
36	0	7.554205	0.754666	False	1.000000	1.000000	0.013700	0.204600	1.000000	0.016700	1.000000	1.000000	0.013800	0.206400	1.000000	0.016700
37	0	7.771662	0.776390	False	1.000000	1.000000	0.013800	0.206400	1.000000	0.016700	1.000000	1.000000	0.013800	0.205300	1.000000	0.016700
38	0	7.723186	0.771547	False	1.000000	1.000000	0.013800	0.205300	1.000000	0.016700	1.000000	1.000000	0.014000	0.202400	1.000000	0.016700
39	0	7.761132	0.775338	False	1.000000	1.000000	0.014000	0.202400	1.000000	0.016700	1.000000	1.000000	0.014000	0.202300	1.000000	0.016700
40	0	7.628401	0.762078	False	1.000000	1.000000	0.014000	0.202300	1.000000	0.016700	1.000000	1.000000	0.014100	0.198800	1.000000	0.016700
41	0	7.441111	0.743368	False	1.000000	1.000000	0.014100	0.198800	1.000000	0.016700	1.000000	1.000000	0.014000	0.196200	1.000000	0.016700
42	0	7.387639	0.738026	False	1.000000	1.000000	0.014000	0.196200	1.000000	0.016700	1.000000	1.000000	0.014000	0.197300	1.000000	0.016700
43	0	7.579979	0.757241	False	1.000000	1.000000	0.014000	0.197300	1.000000	0.016700	1.000000	1.000000	0.014100	0.196000	1.000000	0.016700
44	0	7.754563	0.774682	False	1.000000	1.000000	0.014100	0.196000	1.000000	0.016700	1.000000	1.000000	0.014200	0.191100	1.000000	0.016700
45	3	7.857887	0.785004	False	1.000000	1.000000	0.014200	0.191100	1.000000	0.016700	1.000000	1.000000	0.014300	0.195800	1.000000	0.033300
46	0	7.666667	0.765901	False	1.000000	1.000000	0.014300	0.195800	1.000000	0.033300	1.000000	1.000000	0.014300	0.189300	1.000000	0.016700
47	4	8.019828	0.801182	False	1.000000	1.000000	0.014300	0.189300	1.000000	0.016700	1.000000	1.000000	0.014600	0.187700	1.000000	0.033300
48	0	7.673783	0.766612	False	1.000000	1.000000	0.014600	0.187700	1.000000	0.033300	1.000000	1.000000	0.014700	0.189600	1.000000	0.016700
49	0	7.566194	0.755864	False	1.000000	1.000000	0.014700	0.189600	1.000000	0.016700	1.000000	1.000000	0.014700	0.190400	1.000000	0.016700
50	0	7.502333	0.749484	False	1.000000	1.000000	0.014700	0.190400	1.000000	0.016700	1.000000	1.000000	0.014800	0.186700	1.000000	0.016700
51	0	7.534950	0.752742	False	1.000000	1.000000	0.014800	0.186700	1.000000	0.016700	1.000000	1.000000	0.014900	0.187900	1.000000	0.016700
52	0	7.474492	0.746703	False	1.000000	1.000000	0.014900	0.187900	1.000000	0.016700	1.000000	1.000000	0.015100	0.187000	1.000000	0.016700
53	0	7.178018	0.717085	False	1.000000	1.000000	0.015100	0.187000	1.000000	0.016700	1.000000	1.000000	0.015000	0.186000	1.000000	0.016700
54	0	7.054142	0.704709	False	1.000000	1.000000	0.015000	0.186000	1.000000	0.016700	1.000000	1.000000	0.015200	0.180300	1.000000	0.016700
55	0	6.929780	0.692286	False	1.000000	1.000000	0.015200	0.180300	1.000000	0.016700	1.000000	1.000000	0.015200	0.181600	1.000000	0.016700
56	0	6.809103	0.680230	False	1.000000	1.000000	0.015200	0.181600	1.000000	0.016700	1.000000	1.000000	0.015300	0.176200	1.000000	0.016700
57	0	6.395072	0.638868	False	1.000000	1.000000	0.015300	0.176200	1.000000	0.016700	1.000000	1.000000	0.015400	0.178100	1.000000	0.016700
58	0	6.263397	0.625714	False	1.000000	1.000000	0.015400	0.178100	1.000000	0.016700	1.000000	1.000000	0.015500	0.176800	1.000000	0.016700
59	0	6.088746	0.608266	False	1.000000	1.000000	0.015500	0.176800	1.000000	0.016700	1.000000	1.000000	0.015600	0.171500	1.000000	0.016700
60	0	5.881923	0.587605	False	1.000000	1.000000	0.015600	0.171500	1.000000	0.016700	1.000000	1.000000	0.015800	0.163800	1.000000	0.016700
61	0	5.560615	0.555506	False	1.000000	1.000000	0.015800	0.163800	1.000000	0.016700	1.000000	1.000000	0.015900	0.161200	1.000000	0.016700
62	0	5.293656	0.528837	False	1.000000	1.000000	0.015900	0.161200	1.000000	0.016700	1.000000	1.000000	0.016000	0.159300	1.000000	0.016700
63	0	5.048071	0.504303	False	1.000000	1.000000	0.016000	0.159300	1.000000	0.016700	1.000000	1.000000	0.016100	0.160100	1.000000	0.016700
64	0	4.886079	0.488120	False	1.000000	1.000000	0.016100	0.160100	1.000000	0.016700	1.000000	1.000000	0.016200	0.156200	1.000000	0.016700
65	0	4.755106	0.475036	False	1.000000	1.000000	0.016200	0.156200	1.000000	0.016700	1.000000	1.000000	0.016300	0.154200	1.000000	0.016700
66	0	4.550588	0.454604	False	1.000000	1.000000	0.016300	0.154200	1.000000	0.016700	1.000000	1.000000	0.016400	0.153200	1.000000	0.016700
67	0	4.408719	0.440431	False	1.000000	1.000000	0.016400	0.153200	1.000000	0.016700	1.000000	1.000000	0.016300	0.155400	1.000000	0.016700
68	0	4.313942	0.430963	False	1.000000	1.000000	0.016300	0.155400	1.000000	0.016700	1.000000	1.000000	0.016600	0.153900	1.000000	0.016700
69	0	4.137170	0.413304	False	1.000000	1.000000	0.016600	0.153900	1.000000	0.016700	1.000000	1.000000	0.016600	0.154300	1.000000	0.016700
70	0	3.833888	0.383006	False	1.000000	1.000000	0.016600	0.154300	1.000000	0.016700	1.000000	1.000000	0.016700	0.151800	1.000000	0.016700
71	0	3.901987	0.389809	False	1.000000	1.000000	0.016700	0.151800	1.000000	0.016700	1.000000	1.000000	0.016900	0.150000	1.000000	0.016700
72	0	3.768336	0.376457	False	1.000000	1.000000	0.016900	0.150000	1.000000	0.016700	1.000000	1.000000	0.017000	0.146700	1.000000	0.016700
73	0	3.376119	0.337275	False	1.000000	1.000000	0.017000	0.146700	1.000000	0.016700	1.000000	1.000000	0.016900	0.144200	1.000000	0.016700
74	0	3.156584	0.315343	False	1.000000	1.000000	0.016900	0.144200	1.000000	0.016700	1.000000	1.000000	0.017300	0.139200	1.000000	0.016700
75	0	3.355271	0.335192	False	1.000000	1.000000	0.017300	0.139200	1.000000	0.016700	1.000000	1.000000	0.017300	0.138500	1.000000	0.016700
76	0	3.108562	0.310546	False	1.000000	1.000000	0.017300	0.138500	1.000000	0.016700	1.000000	1.000000	0.017500	0.137100	1.000000	0.016700
77	0	3.129832	0.312671	False	1.000000	1.000000	0.017500	0.137100	1.000000	0.016700	1.000000	1.000000	0.017500	0.141700	1.000000	0.016700
78	0	3.006303	0.300330	False	1.000000	1.000000	0.017500	0.141700	1.000000	0.016700	1.000000	1.000000	0.017600	0.142600	1.000000	0.016700
79	0	2.843417	0.284058	False	1.000000	1.000000	0.017600	0.142600	1.000000	0.016700	1.000000	1.000000	0.017800	0.142800	1.000000	0.016700
80	0	2.342324	0.233998	False	1.000000	1.000000	0.017800	0.142800	1.000000	0.016700	1.000000	1.000000	0.017900	0.136600	1.000000	0.016700
81	0	2.360212	0.235785	False	1.000000	1.000000	0.017900	0.136600	1.000000	0.016700	1.000000	1.000000	0.018100	0.134400	1.000000	0.016700
82	0	2.361013	0.235865	False	1.000000	1.000000	0.018100	0.134400	1.000000	0.016700	1.000000	1.000000	0.018200	0.132000	1.000000	0.016700
83	3	2.377390	0.237501	False	1.000000	1.000000	0.018200	0.132000	1.000000	0.016700	1.000000	1.000000	0.018300	0.134800	1.000000	0.033300
84	0	1.887249	0.188536	False	1.000000	1.000000	0.018300	0.134800	1.000000	0.033300	1.000000	1.000000	0.018300	0.134500	1.000000	0.016700
85	0	1.810134	0.180833	False	1.000000	1.000000	0.018300	0.134500	1.000000	0.016700	1.000000	1.000000	0.018500	0.134300	1.000000	0.016700
86	0	2.135697	0.213356	False	1.000000	1.000000	0.018500	0.134300	1.000000	0.016700	1.000000	1.000000	0.018400	0.139400	1.000000	0.016700
87	0	2.351568	0.234922	False	1.000000	1.000000	0.018400	0.139400	1.000000	0.016700	1.000000	1.000000	0.018600	0.139100	1.000000	0.016700
88	0	2.987195	0.298421	False	1.000000	1.000000	0.018600	0.139100	1.000000	0.016700	1.000000	1.000000	0.018800	0.138400	1.000000	0.016700
89	0	3.441890	0.343845	False	1.000000	1.000000	0.018800	0.138400	1.000000	0.016700	1.000000	1.000000	0.019000	0.139800	1.000000	0.016700
90	0	3.928618	0.392469	False	1.000000	1.000000	0.019000	0.139800	1.000000	0.016700	1.000000	1.000000	0.019100	0.137200	1.000000	0.016700
91	0	4.255284	0.425103	False	1.000000	1.000000	0.019100	0.137200	1.000000	0.016700	1.000000	1.000000	0.019200	0.134600	1.000000	0.016700
92	0	4.103265	0.409917	False	1.000000	1.000000	0.019200	0.134600	1.000000	0.016700	1.000000	1.000000	0.019400	0.132500	1.000000	0.016700
93	0	4.713433	0.470872	False	1.000000	1.000000	0.019400	0.132500	1.000000	0.016700	1.000000	1.000000	0.019500	0.126900	1.000000	0.016700
94	0	4.359961	0.435561	False	1.000000	1.000000	0.019500	0.126900	1.000000	0.016700	1.000000	1.000000	0.019400	0.125900	1.000000	0.016700
95	0	4.500504	0.449601	False	1.000000	1.000000	0.019400	0.125900	1.000000	0.016700	1.000000	1.000000	0.019500	0.125000	1.000000	0.016700
96	4	5.067440	0.506238	False	1.000000	1.000000	0.019500	0.125000	1.000000	0.016700	1.000000	1.000000	0.019700	0.124900	1.000000	0.033300
97	0	5.569081	0.556352	False	1.000000	1.000000	0.019700	0.124900	1.000000	0.033300	1.000000	1.000000	0.019700	0.124200	1.000000	0.016700
98	0	5.499261	0.549377	False	1.000000	1.000000	0.019700	0.124200	1.000000	0.016700	1.000000	1.000000	0.019800	0.124500	1.000000	0.016700
99	0	5.958315	0.595236	False	1.000000	1.000000	0.019800	0.124500	1.000000	0.016700	1.000000	1.000000	0.019800	0.122600	1.000000	0.016700
100	0	6.290902	0.628462	False	1.000000	1.000000	0.019800	0.122600	1.000000	0.016700	1.000000	1.000000	0.020000	0.121800	1.000000	0.016700
101	0	6.954280	0.694733	False	1.000000	1.000000	0.020000	0.121800	1.000000	0.016700	1.000000	1.000000	0.019900	0.122600	1.000000	0.016700
102	1	7.720131	0.771242	False	1.000000	1.000000	0.019900	0.122600	1.000000	0.016700	1.000000	1.000000	0.020200	0.122300	1.000000	0.016700
103	0	8.248233	0.823999	False	1.000000	1.000000	0.020200	0.122300	1.000000	0.016700	1.000000	1.000000	0.020100	0.124500	1.000000	0.016700
104	0	8.640895	0.863226	False	1.000000	1.000000	0.020100	0.124500	1.000000	0.016700	1.000000	1.000000	0.020300	0.123800	1.000000	0.016700
105	0	8.886223	0.887735	False	1.000000	1.000000	0.020300	0.123800	1.000000	0.016700	1.000000	1.000000	0.020300	0.124400	1.000000	0.016700
106	0	9.338488	0.932916	False	1.000000	1.000000	0.020300	0.124400	1.000000	0.016700	1.000000	1.000000	0.020400	0.127000	1.000000	0.016700
107	0	10.063236	1.005318	False	1.000000	1.000000	0.020400	0.127000	1.000000	0.016700	1.000000	1.000000	0.020500	0.122500	1.000000	0.016700
108	0	10.268047	1.025779	False	1.000000	1.000000	0.020500	0.122500	1.000000	0.016700	1.000000	1.000000	0.020600	0.116100	1.000000	0.016700
109	0	10.508082	1.049758	False	1.000000	1.000000	0.020600	0.116100	1.000000	0.016700	1.000000	1.000000	0.020600	0.114200	1.000000	0.016700
110	0	10.844793	1.083396	False	1.000000	1.000000	0.020600	0.114200	1.000000	0.016700	1.000000	1.000000	0.020800	0.111600	1.000000	0.016700
111	0	11.373196	1.136183	False	1.000000	1.000000	0.020800	0.111600	1.000000	0.016700	1.000000	1.000000	0.020800	0.110400	1.000000	0.016700
112	0	11.775714	1.176395	False	1.000000	1.000000	0.020800	0.110400	1.000000	0.016700	1.000000	1.000000	0.020900	0.111400	1.000000	0.016700
113	0	12.171298	1.215914	False	1.000000	1.000000	0.020900	0.111400	1.000000	0.016700	1.000000	1.000000	0.021100	0.112600	1.000000	0.016700
114	0	12.613075	1.260047	False	1.000000	1.000000	0.021100	0.112600	1.000000	0.016700	1.000000	1.000000	0.021200	0.114200	1.000000	0.016700
115	0	13.063599	1.305055	False	1.000000	1.000000	0.021200	0.114200	1.000000	0.016700	1.000000	1.000000	0.021200	0.113200	1.000000	0.016700
116	0	13.060401	1.304735	False	1.000000	1.000000	0.021200	0.113200	1.000000	0.016700	1.000000	1.000000	0.021500	0.108800	1.000000	0.016700
117	0	13.339452	1.332613	False	1.000000	1.000000	0.021500	0.108800	1.000000	0.016700	1.000000	1.000000	0.021600	0.110900	1.000000	0.016700
118	0	13.279043	1.326578	False	1.000000	1.000000	0.021600	0.110900	1.000000	0.016700	1.000000	1.000000	0.021700	0.108100	1.000000	0.016700
119	0	13.492061	1.347858	False	1.000000	1.000000	0.021700	0.108100	1.000000	0.016700	1.000000	1.000000	0.021700	0.110100	1.000000	0.016700
120	0	13.685204	1.367153	False	1.000000	1.000000	0.021700	0.110100	1.000000	0.016700	1.000000	1.000000	0.021800	0.108400	1.000000	0.016700
121	0	13.579741	1.356617	False	1.000000	1.000000	0.021800	0.108400	1.000000	0.016700	1.000000	1.000000	0.021900	0.107500	1.000000	0.016700
122	0	13.854896	1.384105	False	1.000000	1.000000	0.021900	0.107500	1.000000	0.016700	1.000000	1.000000	0.022000	0.103800	1.000000	0.016700
123	0	13.691161	1.367748	False	1.000000	1.000000	0.022000	0.103800	1.000000	0.016700	1.000000	1.000000	0.022200	0.102300	1.000000	0.016700
124	0	14.185506	1.417134	False	1.000000	1.000000	0.022200	0.102300	1.000000	0.016700	1.000000	1.000000	0.022300	0.101000	1.000000	0.016700
125	0	14.017659	1.400366	False	1.000000	1.000000	0.022300	0.101000	1.000000	0.016700	1.000000	1.000000	0.022100	0.101300	1.000000	0.016700
126	0	14.416191	1.440179	False	1.000000	1.000000	0.022100	0.101300	1.000000	0.016700	1.000000	1.000000	0.022300	0.098400	1.000000	0.016700
127	0	14.775316	1.476056	False	1.000000	1.000000	0.022300	0.098400	1.000000	0.016700	1.000000	1.000000	0.022700	0.096600	1.000000	0.016700
128	0	14.956053	1.494111	False	1.000000	1.000000	0.022700	0.096600	1.000000	0.016700	1.000000	1.000000	0.022800	0.096100	1.000000	0.016700
129	0	14.750060	1.473532	False	1.000000	1.000000	0.022800	0.096100	1.000000	0.016700	1.000000	1.000000	0.022800	0.096100	1.000000	0.016700
130	0	14.441308	1.442688	False	1.000000	1.000000	0.022800	0.096100	1.000000	0.016700	1.000000	1.000000	0.023000	0.096600	1.000000	0.016700
131	0	14.366015	1.435166	False	1.000000	1.000000	0.023000	0.096600	1.000000	0.016700	1.000000	1.000000	0.023100	0.098000	1.000000	0.016700
132	1	14.625939	1.461133	False	1.000000	1.000000	0.023100	0.098000	1.000000	0.016700	1.000000	1.000000	0.023100	0.099900	1.000000	0.016700
133	0	14.571517	1.455696	False	1.000000	1.000000	0.023100	0.099900	1.000000	0.016700	1.000000	1.000000	0.023200	0.101000	1.000000	0.016700
134	0	14.727732	1.471302	False	1.000000	1.000000	0.023200	0.101000	1.000000	0.016700	1.000000	1.000000	0.023200	0.099500	1.000000	0.016700
135	0	14.685615	1.467094	False	1.000000	1.000000	0.023200	0.099500	1.000000	0.016700	1.000000	1.000000	0.023100	0.097200	1.000000	0.016700
136	0	14.944340	1.492941	False	1.000000	1.000000	0.023100	0.097200	1.000000	0.016700	1.000000	1.000000	0.023200	0.094700	1.000000	0.016700
137	0	15.342286	1.532696	False	1.000000	1.000000	0.023200	0.094700	1.000000	0.016700	1.000000	1.000000	0.023300	0.094600	1.000000	0.016700
138	0	15.841360	1.582553	False	1.000000	1.000000	0.023300	0.094600	1.000000	0.016700	1.000000	1.000000	0.023300	0.096700	1.000000	0.016700
139	0	15.919569	1.590367	False	1.000000	1.000000	0.023300	0.096700	1.000000	0.016700	1.000000	1.000000	0.023500	0.095100	1.000000	0.016700
140	0	16.132267	1.611615	False	1.000000	1.000000	0.023500	0.095100	1.000000	0.016700	1.000000	1.000000	0.023700	0.094500	1.000000	0.016700
141	0	16.434585	1.641817	False	1.000000	1.000000	0.023700	0.094500	1.000000	0.016700	1.000000	1.000000	0.023800	0.097200	1.000000	0.016700
142	0	16.732983	1.671627	False	1.000000	1.000000	0.023800	0.097200	1.000000	0.016700	1.000000	1.000000	0.023800	0.092000	1.000000	0.016700
143	0	16.560625	1.654408	False	1.000000	1.000000	0.023800	0.092000	1.000000	0.016700	1.000000	1.000000	0.023700	0.097200	1.000000	0.016700
144	0	16.563280	1.813319	False	1.000000	1.000000	0.023700	0.097200	1.000000	0.016700	1.000000	1.000000	0.023800	0.096600	1.000000	0.016700
145	0	16.876107	3.189040	False	1.000000	1.000000	0.023800	0.096600	1.000000	0.016700	1.000000	1.000000	0.023900	0.096200	1.000000	0.016700
146	0	16.838550	1.682173	False	1.000000	1.000000	0.023900	0.096200	1.000000	0.016700	1.000000	1.000000	0.023900	0.095100	1.000000	0.016700
147	0	17.167628	1.715048	False	1.000000	1.000000	0.023900	0.095100	1.000000	0.016700	1.000000	1.000000	0.024000	0.095300	1.000000	0.016700
148	0	17.352335	1.733500	False	1.000000	1.000000	0.024000	0.095300	1.000000	0.016700	1.000000	1.000000	0.024100	0.094700	1.000000	0.016700
149	0	17.254978	3.282550	False	1.000000	1.000000	0.024100	0.094700	1.000000	0.016700	1.000000	1.000000	0.024000	0.096000	1.000000	0.016700
150	0	17.399434	1.738205	False	1.000000	1.000000	0.024000	0.096000	1.000000	0.016700	1.000000	1.000000	0.024300	0.092900	1.000000	0.016700
151	0	17.482199	1.746473	False	1.000000	1.000000	0.024300	0.092900	1.000000	0.016700	1.000000	1.000000	0.024300	0.094400	1.000000	0.016700
152	0	17.353368	1.733603	False	1.000000	1.000000	0.024300	0.094400	1.000000	0.016700	1.000000	1.000000	0.024400	0.088700	1.000000	0.016700
153	0	17.224894	1.720769	False	1.000000	1.000000	0.024400	0.088700	1.000000	0.016700	1.000000	1.000000	0.024600	0.083800	1.000000	0.016700
154	0	17.135530	1.711841	False	1.000000	1.000000	0.024600	0.083800	1.000000	0.016700	1.000000	1.000000	0.024800	0.087100	1.000000	0.016700
155	0	17.155908	1.713877	False	1.000000	1.000000	0.024800	0.087100	1.000000	0.016700	1.000000	1.000000	0.024800	0.087800	1.000000	0.016700
156	0	17.352196	1.733486	False	1.000000	1.000000	0.024800	0.087800	1.000000	0.016700	1.000000	1.000000	0.024900	0.090400	1.000000	0.016700
157	0	17.359372	1.734203	False	1.000000	1.000000	0.024900	0.090400	1.000000	0.016700	1.000000	1.000000	0.025200	0.088700	1.000000	0.016700
158	0	16.936934	1.692001	False	1.000000	1.000000	0.025200	0.088700	1.000000	0.016700	1.000000	1.000000	0.025300	0.083900	1.000000	0.016700
159	1	16.803574	1.678679	False	1.000000	1.000000	0.025300	0.083900	1.000000	0.016700	1.000000	1.000000	0.025200	0.083100	1.000000	0.016700
160	0	16.897070	1.688019	False	1.000000	1.000000	0.025200	0.083100	1.000000	0.016700	1.000000	1.000000	0.025400	0.082100	1.000000	0.016700
161	0	16.913987	1.689709	False	1.000000	1.000000	0.025400	0.082100	1.000000	0.016700	1.000000	1.000000	0.025300	0.080000	1.000000	0.016700
162	0	17.362843	1.734550	False	1.000000	1.000000	0.025300	0.080000	1.000000	0.016700	1.000000	1.000000	0.025400	0.083700	1.000000	0.016700
163	0	16.933835	1.691692	False	1.000000	1.000000	0.025400	0.083700	1.000000	0.016700	1.000000	1.000000	0.025500	0.083700	1.000000	0.016700
164	0	17.240970	1.722375	False	1.000000	1.000000	0.025500	0.083700	1.000000	0.016700	1.000000	1.000000	0.025600	0.083900	1.000000	0.016700
165	0	17.175852	1.715869	False	1.000000	1.000000	0.025600	0.083900	1.000000	0.016700	1.000000	1.000000	0.025700	0.083700	1.000000	0.016700
166	0	17.124065	1.710696	False	1.000000	1.000000	0.025700	0.083700	1.000000	0.016700	1.000000	1.000000	0.025800	0.082100	1.000000	0.016700
167	0	17.049409	1.703238	False	1.000000	1.000000	0.025800	0.082100	1.000000	0.016700	1.000000	1.000000	0.025900	0.080800	1.000000	0.016700
168	0	17.356023	1.733868	False	1.000000	1.000000	0.025900	0.080800	1.000000	0.016700	1.000000	1.000000	0.026200	0.080000	1.000000	0.016700
169	0	17.747868	1.773014	False	1.000000	1.000000	0.026200	0.080000	1.000000	0.016700	1.000000	1.000000	0.026200	0.081700	1.000000	0.016700
170	2	17.689429	1.767176	False	1.000000	1.000000	0.026200	0.081700	1.000000	0.016700	1.000000	1.000000	0.026400	0.082900	1.000000	0.016700
171	0	17.663757	1.764611	False	1.000000	1.000000	0.026400	0.082900	1.000000	0.016700	1.000000	1.000000	0.026400	0.083500	1.000000	0.016700
172	0	17.491416	1.747394	False	1.000000	1.000000	0.026400	0.083500	1.000000	0.016700	1.000000	1.000000	0.026500	0.082800	1.000000	0.016700
173	0	17.422598	1.740519	False	1.000000	1.000000	0.026500	0.082800	1.000000	0.016700	1.000000	1.000000	0.026400	0.081200	1.000000	0.016700
174	0	17.677476	1.765982	False	1.000000	1.000000	0.026400	0.081200	1.000000	0.016700	1.000000	1.000000	0.026400	0.079000	1.000000	0.016700
175	0	17.424240	1.740683	False	1.000000	1.000000	0.026400	0.079000	1.000000	0.016700	1.000000	1.000000	0.026400	0.076500	1.000000	0.016700
176	0	17.822958	1.780515	False	1.000000	1.000000	0.026400	0.076500	1.000000	0.016700	1.000000	1.000000	0.026700	0.075900	1.000000	0.016700
177	0	17.871210	1.785336	False	1.000000	1.000000	0.026700	0.075900	1.000000	0.016700	1.000000	1.000000	0.026600	0.074400	1.000000	0.016700
178	0	17.833808	1.781599	False	1.000000	1.000000	0.026600	0.074400	1.000000	0.016700	1.000000	1.000000	0.026800	0.075600	1.000000	0.016700
179	0	17.868828	1.785098	False	1.000000	1.000000	0.026800	0.075600	1.000000	0.016700	1.000000	1.000000	0.026900	0.075700	1.000000	0.016700
180	0	17.881991	1.786413	False	1.000000	1.000000	0.026900	0.075700	1.000000	0.016700	1.000000	1.000000	0.027100	0.076000	1.000000	0.016700
181	0	17.733768	1.771605	False	1.000000	1.000000	0.027100	0.076000	1.000000	0.016700	1.000000	1.000000	0.027000	0.075500	1.000000	0.016700
182	0	17.683160	1.766549	False	1.000000	1.000000	0.027000	0.075500	1.000000	0.016700	1.000000	1.000000	0.027300	0.076300	1.000000	0.016700
183	0	17.920929	1.959740	False	1.000000	1.000000	0.027300	0.076300	1.000000	0.016700	1.000000	1.000000	0.027300	0.075900	1.000000	0.016700
184	0	17.963931	3.399966	False	1.000000	1.000000	0.027300	0.075900	1.000000	0.016700	1.000000	1.000000	0.027400	0.075900	1.000000	0.016700
185	0	17.963342	1.794540	False	1.000000	1.000000	0.027400	0.075900	1.000000	0.016700	1.000000	1.000000	0.027500	0.074700	1.000000	0.016700
186	0	17.731988	1.771427	False	1.000000	1.000000	0.027500	0.074700	1.000000	0.016700	1.000000	1.000000	0.027600	0.074000	1.000000	0.016700
187	0	17.457438	1.744000	False	1.000000	1.000000	0.027600	0.074000	1.000000	0.016700	1.000000	1.000000	0.027500	0.072900	1.000000	0.016700
188	0	17.411219	1.739382	False	1.000000	1.000000	0.027500	0.072900	1.000000	0.016700	1.000000	1.000000	0.027700	0.070400	1.000000	0.016700
189	0	17.602323	1.758474	False	1.000000	1.000000	0.027700	0.070400	1.000000	0.016700	1.000000	1.000000	0.027900	0.068600	1.000000	0.016700
190	0	17.729258	1.771155	False	1.000000	1.000000	0.027900	0.068600	1.000000	0.016700	1.000000	1.000000	0.027900	0.070500	1.000000	0.016700
191	0	17.510038	1.749255	False	1.000000	1.000000	0.027900	0.070500	1.000000	0.016700	1.000000	1.000000	0.028000	0.070100	1.000000	0.016700
192	0	17.363596	1.734625	False	1.000000	1.000000	0.028000	0.070100	1.000000	0.016700	1.000000	1.000000	0.028200	0.071200	1.000000	0.016700
193	0	17.405749	1.738836	False	1.000000	1.000000	0.028200	0.071200	1.000000	0.016700	1.000000	1.000000	0.028400	0.071500	1.000000	0.016700
194	0	17.139441	1.712232	False	1.000000	1.000000	0.028400	0.071500	1.000000	0.016700	1.000000	1.000000	0.028600	0.068900	1.000000	0.016700
195	4	17.229170	1.721196	False	1.000000	1.000000	0.028600	0.068900	1.000000	0.016700	1.000000	1.000000	0.028800	0.068300	1.000000	0.033300
196	0	16.823401	1.680659	False	1.000000	1.000000	0.028800	0.068300	1.000000	0.033300	1.000000	1.000000	0.028800	0.068800	1.000000	0.016700
197	4	17.091336	1.707426	False	1.000000	1.000000	0.028800	0.068800	1.000000	0.016700	1.000000	1.000000	0.028800	0.070700	1.000000	0.033300
198	0	16.922564	1.690566	False	1.000000	1.000000	0.028800	0.070700	1.000000	0.033300	1.000000	1.000000	0.028900	0.071100	1.000000	0.016700
199	0	16.676936	1.666028	False	1.000000	1.000000	0.028900	0.071100	1.000000	0.016700	1.000000	1.000000	0.028900	0.071900	1.000000	0.016700
200	0	16.722562	1.670586	False	1.000000	1.000000	0.028900	0.071900	1.000000	0.016700	1.000000	1.000000	0.029100	0.069100	1.000000	0.016700
201	0	16.584715	1.656815	False	1.000000	1.000000	0.029100	0.069100	1.000000	0.016700	1.000000	1.000000	0.029000	0.069400	1.000000	0.016700
202	0	16.719897	1.670319	False	1.000000	1.000000	0.029000	0.069400	1.000000	0.016700	1.000000	1.000000	0.029100	0.067800	1.000000	0.016700
203	0	16.615006	1.659841	False	1.000000	1.000000	0.029100	0.067800	1.000000	0.016700	1.000000	1.000000	0.029200	0.068000	1.000000	0.016700
204	0	16.542712	1.652619	False	1.000000	1.000000	0.029200	0.068000	1.000000	0.016700	1.000000	1.000000	0.029200	0.065400	1.000000	0.016700
205	0	16.326939	1.631063	False	1.000000	1.000000	0.029200	0.065400	1.000000	0.016700	1.000000	1.000000	0.029300	0.065900	1.000000	0.016700
206	0	16.028088	1.601208	False	1.000000	1.000000	0.029300	0.065900	1.000000	0.016700	1.000000	1.000000	0.029500	0.064200	1.000000	0.016700
207	0	15.996633	1.598065	False	1.000000	1.000000	0.029500	0.064200	1.000000	0.016700	1.000000	1.000000	0.029600	0.061300	1.000000	0.016700
208	0	16.119301	1.610320	False	1.000000	1.000000	0.029600	0.061300	1.000000	0.016700	1.000000	1.000000	0.029800	0.062600	1.000000	0.016700
209	0	16.176979	1.616082	False	1.000000	1.000000	0.029800	0.062600	1.000000	0.016700	1.000000	1.000000	0.029900	0.062000	1.000000	0.016700
210	0	15.981974	1.596601	False	1.000000	1.000000	0.029900	0.062000	1.000000	0.016700	1.000000	1.000000	0.030000	0.061900	1.000000	0.016700
211	0	15.843469	1.582764	False	1.000000	1.000000	0.030000	0.061900	1.000000	0.016700	1.000000	1.000000	0.030100	0.062900	1.000000	0.016700
212	0	15.844819	1.582899	False	1.000000	1.000000	0.030100	0.062900	1.000000	0.016700	1.000000	1.000000	0.030200	0.061600	1.000000	0.016700
213	0	15.782370	1.576660	False	1.000000	1.000000	0.030200	0.061600	1.000000	0.016700	1.000000	1.000000	0.030200	0.064700	1.000000	0.016700
214	0	16.077123	1.606106	False	1.000000	1.000000	0.030200	0.064700	1.000000	0.016700	1.000000	1.000000	0.030500	0.064200	1.000000	0.016700
215	0	15.632532	1.561691	False	1.000000	1.000000	0.030500	0.064200	1.000000	0.016700	1.000000	1.000000	0.030500	0.065100	1.000000	0.016700
216	0	15.701571	1.568589	False	1.000000	1.000000	0.030500	0.065100	1.000000	0.016700	1.000000	1.000000	0.030500	0.065100	1.000000	0.016700
217	4	15.812202	1.579641	False	1.000000	1.000000	0.030500	0.065100	1.000000	0.016700	1.000000	1.000000	0.030700	0.062400	1.000000	0.033300
218	0	15.473783	1.545832	False	1.000000	1.000000	0.030700	0.062400	1.000000	0.033300	1.000000	1.000000	0.030700	0.061600	1.000000	0.016700
219	0	15.274623	1.525936	False	1.000000	1.000000	0.030700	0.061600	1.000000	0.016700	1.000000	1.000000	0.030900	0.061200	1.000000	0.016700
220	0	15.271666	1.525641	False	1.000000	1.000000	0.030900	0.061200	1.000000	0.016700	1.000000	1.000000	0.031100	0.059300	1.000000	0.016700
221	0	14.916280	1.490138	False	1.000000	1.000000	0.031100	0.059300	1.000000	0.016700	1.000000	1.000000	0.031200	0.060600	1.000000	0.016700
222	0	14.384036	1.436967	False	1.000000	1.000000	0.031200	0.060600	1.000000	0.016700	1.000000	1.000000	0.031300	0.060100	1.000000	0.016700
223	0	14.507870	1.594157	False	1.000000	1.000000	0.031300	0.060100	1.000000	0.016700	1.000000	1.000000	0.031300	0.061700	1.000000	0.016700
224	0	14.133856	2.784212	False	1.000000	1.000000	0.031300	0.061700	1.000000	0.016700	1.000000	1.000000	0.031500	0.061700	1.000000	0.016700
225	0	14.184263	1.417009	False	1.000000	1.000000	0.031500	0.061700	1.000000	0.016700	1.000000	1.000000	0.031600	0.062500	1.000000	0.016700
226	0	14.023934	1.400992	False	1.000000	1.000000	0.031600	0.062500	1.000000	0.016700	1.000000	1.000000	0.031700	0.059900	1.000000	0.016700
227	0	14.033157	1.401914	False	1.000000	1.000000	0.031700	0.059900	1.000000	0.016700	1.000000	1.000000	0.032000	0.058300	1.000000	0.016700
228	0	14.018521	1.400452	False	1.000000	1.000000	0.032000	0.058300	1.000000	0.016700	1.000000	1.000000	0.032000	0.057000	1.000000	0.016700
229	0	13.708340	1.369465	False	1.000000	1.000000	0.032000	0.057000	1.000000	0.016700	1.000000	1.000000	0.032000	0.056700	1.000000	0.016700
230	0	13.670249	2.597088	False	1.000000	1.000000	0.032000	0.056700	1.000000	0.016700	1.000000	1.000000	0.032000	0.054500	1.000000	0.016700
231	0	13.485606	1.347213	False	1.000000	1.000000	0.032000	0.054500	1.000000	0.016700	1.000000	1.000000	0.032200	0.053200	1.000000	0.016700
232	0	13.483813	1.347034	False	1.000000	1.000000	0.032200	0.053200	1.000000	0.016700	1.000000	1.000000	0.032200	0.051600	1.000000	0.016700
233	0	13.347465	1.333413	False	1.000000	1.000000	0.032200	0.051600	1.000000	0.016700	1.000000	1.000000	0.032300	0.050900	1.000000	0.016700
234	0	12.989980	1.297700	False	1.000000	1.000000	0.032300	0.050900	1.000000	0.016700	1.000000	1.000000	0.032500	0.052000	1.000000	0.016700
235	0	12.931826	1.291891	False	1.000000	1.000000	0.032500	0.052000	1.000000	0.016700	1.000000	1.000000	0.032600	0.053700	1.000000	0.016700
236	0	12.869536	1.285668	False	1.000000	1.000000	0.032600	0.053700	1.000000	0.016700	1.000000	1.000000	0.032700	0.055100	1.000000	0.016700
237	0	12.841571	1.282874	False	1.000000	1.000000	0.032700	0.055100	1.000000	0.016700	1.000000	1.000000	0.032800	0.055100	1.000000	0.016700
238	0	12.508306	1.249581	False	1.000000	1.000000	0.032800	0.055100	1.000000	0.016700	1.000000	1.000000	0.032900	0.056600	1.000000	0.016700
239	0	12.307973	1.229568	False	1.000000	1.000000	0.032900	0.056600	1.000000	0.016700	1.000000	1.000000	0.032900	0.057900	1.000000	0.016700
240	0	12.112622	1.210052	False	1.000000	1.000000	0.032900	0.057900	1.000000	0.016700	1.000000	1.000000	0.033200	0.057200	1.000000	0.016700
241	0	12.021106	1.322926	False	1.000000	1.000000	0.033200	0.057200	1.000000	0.016700	1.000000	1.000000	0.033200	0.054200	1.000000	0.016700
242	0	11.710321	2.326052	False	1.000000	1.000000	0.033200	0.054200	1.000000	0.016700	1.000000	1.000000	0.033300	0.054600	1.000000	0.016700
243	0	11.521071	1.150956	False	1.000000	1.000000	0.033300	0.054600	1.000000	0.016700	1.000000	1.000000	0.033500	0.056100	1.000000	0.016700
244	0	11.429383	1.251028	False	1.000000	1.000000	0.033500	0.056100	1.000000	0.016700	1.000000	1.000000	0.033400	0.054800	1.000000	0.016700
245	0	11.079560	2.141835	False	1.000000	1.000000	0.033400	0.054800	1.000000	0.016700	1.000000	1.000000	0.033600	0.051100	1.000000	0.016700
246	0	10.811618	1.080082	False	1.000000	1.000000	0.033600	0.051100	1.000000	0.016700	1.000000	1.000000	0.033700	0.049200	1.000000	0.016700
247	0	10.908805	1.089791	False	1.000000	1.000000	0.033700	0.049200	1.000000	0.016700	1.000000	1.000000	0.033800	0.049600	1.000000	0.016700
248	0	11.021698	1.101069	False	1.000000	1.000000	0.033800	0.049600	1.000000	0.016700	1.000000	1.000000	0.033800	0.051400	1.000000	0.016700
249	0	10.837017	1.082619	False	1.000000	1.000000	0.033800	0.051400	1.000000	0.016700	1.000000	1.000000	0.033900	0.052000	1.000000	0.016700
250	0	10.621767	1.061116	False	1.000000	1.000000	0.033900	0.052000	1.000000	0.016700	1.000000	1.000000	0.034000	0.051500	1.000000	0.016700
251	0	10.637184	1.062656	False	1.000000	1.000000	0.034000	0.051500	1.000000	0.016700	1.000000	1.000000	0.034300	0.052400	1.000000	0.016700
252	0	10.563346	1.055279	False	1.000000	1.000000	0.034300	0.052400	1.000000	0.016700	1.000000	1.000000	0.034200	0.052700	1.000000	0.016700
253	0	10.619309	1.060870	False	1.000000	1.000000	0.034200	0.052700	1.000000	0.016700	1.000000	1.000000	0.034500	0.050600	1.000000	0.016700
254	0	10.336534	1.032621	False	1.000000	1.000000	0.034500	0.050600	1.000000	0.016700	1.000000	1.000000	0.034400	0.051100	1.000000	0.016700
255	0	10.070805	1.006074	False	1.000000	1.000000	0.034400	0.051100	1.000000	0.016700	1.000000	1.000000	0.034600	0.051600	1.000000	0.016700
256	0	9.692262	0.968258	False	1.000000	1.000000	0.034600	0.051600	1.000000	0.016700	1.000000	1.000000	0.034500	0.052500	1.000000	0.016700
257	0	9.531521	0.952200	False	1.000000	1.000000	0.034500	0.052500	1.000000	0.016700	1.000000	1.000000	0.034700	0.053000	1.000000	0.016700
258	0	9.115891	1.766940	False	1.000000	1.000000	0.034700	0.053000	1.000000	0.016700	1.000000	1.000000	0.034700	0.053800	1.000000	0.016700
259	0	9.112473	0.910337	False	1.000000	1.000000	0.034700	0.053800	1.000000	0.016700	1.000000	1.000000	0.035000	0.052900	1.000000	0.016700
260	0	9.397676	0.938829	False	1.000000	1.000000	0.035000	0.052900	1.000000	0.016700	1.000000	1.000000	0.034800	0.053400	1.000000	0.016700
261	0	9.343141	0.933381	False	1.000000	1.000000	0.034800	0.053400	1.000000	0.016700	1.000000	1.000000	0.035000	0.052300	1.000000	0.016700
262	0	9.703465	0.969377	False	1.000000	1.000000	0.035000	0.052300	1.000000	0.016700	1.000000	1.000000	0.034900	0.052900	1.000000	0.016700
263	0	10.001745	0.999175	False	1.000000	1.000000	0.034900	0.052900	1.000000	0.016700	1.000000	1.000000	0.035200	0.051500	1.000000	0.016700
264	0	10.348303	1.033797	False	1.000000	1.000000	0.035200	0.051500	1.000000	0.016700	1.000000	1.000000	0.035100	0.052600	1.000000	0.016700
265	0	0.275234	0.055321	False	0.333300	0.000000	0.000300	0.303100	0.200000	0.000000	0.000000	0.000000	0.000300	0.350500	0.200000	0.016700
266	0	0.327335	0.066901	False	0.000000	0.000000	0.000300	0.350500	0.200000	0.016700	0.133300	0.000000	0.000400	0.374700	0.280000	0.016700
267	0	0.506333	0.102920	False	0.133300	0.000000	0.000400	0.374700	0.280000	0.016700	0.333300	0.000000	0.000700	0.372700	0.480000	0.016700
268	0	0.723563	0.300951	False	0.333300	0.000000	0.000700	0.372700	0.480000	0.016700	0.000000	0.000000	0.000700	0.407100	0.480000	0.016700
269	0	17.280081	3.317724	False	0.000000	0.000000	0.000700	0.407100	0.480000	0.016700	0.833300	0.361100	0.006900	0.410200	1.000000	0.000000
270	0	4.135157	0.784565	False	0.833300	0.361100	0.006900	0.410200	1.000000	0.000000	1.000000	1.000000	0.011500	0.252300	1.000000	0.000000
271	1	-1.467630	-0.146470	False	1.000000	1.000000	0.011500	0.252300	1.000000	0.000000	1.000000	1.000000	0.011400	0.250700	1.000000	0.016700
272	1	-1.088562	-0.062570	False	1.000000	1.000000	0.011400	0.250700	1.000000	0.016700	1.000000	1.000000	0.011600	0.246900	1.000000	0.016700
273	0	4.863898	0.972611	False	1.000000	1.000000	0.011600	0.246900	1.000000	0.016700	1.000000	1.000000	0.011400	0.263800	1.000000	0.016700
274	0	5.255909	1.051474	False	1.000000	1.000000	0.011400	0.263800	1.000000	0.016700	1.000000	1.000000	0.011600	0.257800	1.000000	0.016700
275	0	5.729566	1.144994	False	1.000000	1.000000	0.011600	0.257800	1.000000	0.016700	1.000000	1.000000	0.011700	0.251100	1.000000	0.016700
276	0	6.115305	1.219247	False	1.000000	1.000000	0.011700	0.251100	1.000000	0.016700	1.000000	1.000000	0.011800	0.232600	1.000000	0.016700
277	0	6.227847	1.242029	False	1.000000	1.000000	0.011800	0.232600	1.000000	0.016700	1.000000	1.000000	0.011700	0.227700	1.000000	0.016700
278	0	6.378758	1.272580	False	1.000000	1.000000	0.011700	0.227700	1.000000	0.016700	1.000000	1.000000	0.011900	0.227500	1.000000	0.016700
279	0	6.581328	1.312328	False	1.000000	1.000000	0.011900	0.227500	1.000000	0.016700	1.000000	1.000000	0.012000	0.216700	1.000000	0.016700
280	0	6.720110	1.342077	False	1.000000	1.000000	0.012000	0.216700	1.000000	0.016700	1.000000	1.000000	0.012200	0.216200	1.000000	0.016700
281	3	7.080906	1.410637	False	1.000000	1.000000	0.012200	0.216200	1.000000	0.016700	1.000000	1.000000	0.012400	0.217800	1.000000	0.033300
282	0	7.092114	1.416210	False	1.000000	1.000000	0.012400	0.217800	1.000000	0.033300	1.000000	1.000000	0.012500	0.224200	1.000000	0.016700
283	4	7.455993	1.484219	False	1.000000	1.000000	0.012500	0.224200	1.000000	0.016700	1.000000	1.000000	0.012600	0.226000	1.000000	0.033300
284	3	7.347279	1.463020	False	1.000000	1.000000	0.012600	0.226000	1.000000	0.033300	1.000000	1.000000	0.012800	0.222600	1.000000	0.050000
285	0	7.286863	1.453252	False	1.000000	1.000000	0.012800	0.222600	1.000000	0.050000	1.000000	1.000000	0.012900	0.223700	1.000000	0.016700
286	1	7.465800	1.486675	False	1.000000	1.000000	0.012900	0.223700	1.000000	0.016700	1.000000	1.000000	0.012900	0.223600	1.000000	0.016700
287	0	7.410139	1.477045	False	1.000000	1.000000	0.012900	0.223600	1.000000	0.016700	1.000000	1.000000	0.013000	0.220300	1.000000	0.016700
288	0	7.508360	1.496204	False	1.000000	1.000000	0.013000	0.220300	1.000000	0.016700	1.000000	1.000000	0.012900	0.222700	1.000000	0.016700
289	0	7.563650	1.506082	False	1.000000	1.000000	0.012900	0.222700	1.000000	0.016700	1.000000	1.000000	0.013100	0.217300	1.000000	0.016700
290	0	7.499034	1.491806	False	1.000000	1.000000	0.013100	0.217300	1.000000	0.016700	1.000000	1.000000	0.013100	0.212100	1.000000	0.016700
291	0	7.286122	1.452800	False	1.000000	1.000000	0.013100	0.212100	1.000000	0.016700	1.000000	1.000000	0.013300	0.202200	1.000000	0.016700
292	1	7.432856	1.480836	False	1.000000	1.000000	0.013300	0.202200	1.000000	0.016700	1.000000	1.000000	0.013400	0.203700	1.000000	0.016700
293	0	7.453530	1.485476	False	1.000000	1.000000	0.013400	0.203700	1.000000	0.016700	1.000000	1.000000	0.013600	0.203100	1.000000	0.016700
294	0	7.529303	1.500088	False	1.000000	1.000000	0.013600	0.203100	1.000000	0.016700	1.000000	1.000000	0.013700	0.204600	1.000000	0.016700
295	0	7.554205	1.506872	False	1.000000	1.000000	0.013700	0.204600	1.000000	0.016700	1.000000	1.000000	0.013800	0.206400	1.000000	0.016700
296	0	7.771662	1.547671	False	1.000000	1.000000	0.013800	0.206400	1.000000	0.016700	1.000000	1.000000	0.013800	0.205300	1.000000	0.016700
297	0	7.723186	1.538833	False	1.000000	1.000000	0.013800	0.205300	1.000000	0.016700	1.000000	1.000000	0.014000	0.202400	1.000000	0.016700
298	0	7.761132	1.544776	False	1.000000	1.000000	0.014000	0.202400	1.000000	0.016700	1.000000	1.000000	0.014000	0.202300	1.000000	0.016700
299	0	7.628401	1.517819	False	1.000000	1.000000	0.014000	0.202300	1.000000	0.016700	1.000000	1.000000	0.014100	0.198800	1.000000	0.016700
300	0	7.441111	1.481778	False	1.000000	1.000000	0.014100	0.198800	1.000000	0.016700	1.000000	1.000000	0.014000	0.196200	1.000000	0.016700
301	0	7.387639	1.473454	False	1.000000	1.000000	0.014000	0.196200	1.000000	0.016700	1.000000	1.000000	0.014000	0.197300	1.000000	0.016700
302	0	7.579979	1.511601	False	1.000000	1.000000	0.014000	0.197300	1.000000	0.016700	1.000000	1.000000	0.014100	0.196000	1.000000	0.016700
303	0	7.754563	1.545703	False	1.000000	1.000000	0.014100	0.196000	1.000000	0.016700	1.000000	1.000000	0.014200	0.191100	1.000000	0.016700
304	3	7.857887	1.563496	False	1.000000	1.000000	0.014200	0.191100	1.000000	0.016700	1.000000	1.000000	0.014300	0.195800	1.000000	0.033300
305	0	7.666667	1.530560	False	1.000000	1.000000	0.014300	0.195800	1.000000	0.033300	1.000000	1.000000	0.014300	0.189300	1.000000	0.016700
306	4	8.019828	1.594288	False	1.000000	1.000000	0.014300	0.189300	1.000000	0.016700	1.000000	1.000000	0.014600	0.187700	1.000000	0.033300
307	0	7.673783	1.527614	False	1.000000	1.000000	0.014600	0.187700	1.000000	0.033300	1.000000	1.000000	0.014700	0.189600	1.000000	0.016700
308	0	7.566194	1.506596	False	1.000000	1.000000	0.014700	0.189600	1.000000	0.016700	1.000000	1.000000	0.014700	0.190400	1.000000	0.016700
309	0	7.502333	1.494789	False	1.000000	1.000000	0.014700	0.190400	1.000000	0.016700	1.000000	1.000000	0.014800	0.186700	1.000000	0.016700
310	0	7.534950	1.500404	False	1.000000	1.000000	0.014800	0.186700	1.000000	0.016700	1.000000	1.000000	0.014900	0.187900	1.000000	0.016700
311	0	7.474492	1.486126	False	1.000000	1.000000	0.014900	0.187900	1.000000	0.016700	1.000000	1.000000	0.015100	0.187000	1.000000	0.016700
312	0	7.178018	1.428702	False	1.000000	1.000000	0.015100	0.187000	1.000000	0.016700	1.000000	1.000000	0.015000	0.186000	1.000000	0.016700
313	1	7.054142	0.769642	False	1.000000	1.000000	0.015000	0.186000	1.000000	0.016700	1.000000	1.000000	0.015200	0.180300	1.000000	0.016700
314	0	6.929780	1.379283	False	1.000000	1.000000	0.015200	0.180300	1.000000	0.016700	1.000000	1.000000	0.015200	0.181600	1.000000	0.016700
315	0	6.809103	1.352465	False	1.000000	1.000000	0.015200	0.181600	1.000000	0.016700	1.000000	1.000000	0.015300	0.176200	1.000000	0.016700
316	0	6.395072	1.272664	False	1.000000	1.000000	0.015300	0.176200	1.000000	0.016700	1.000000	1.000000	0.015400	0.178100	1.000000	0.016700
317	0	6.263397	1.246027	False	1.000000	1.000000	0.015400	0.178100	1.000000	0.016700	1.000000	1.000000	0.015500	0.176800	1.000000	0.016700
318	0	6.088746	1.210931	False	1.000000	1.000000	0.015500	0.176800	1.000000	0.016700	1.000000	1.000000	0.015600	0.171500	1.000000	0.016700
319	0	5.881923	1.168648	False	1.000000	1.000000	0.015600	0.171500	1.000000	0.016700	1.000000	1.000000	0.015800	0.163800	1.000000	0.016700
320	0	5.560615	1.105157	False	1.000000	1.000000	0.015800	0.163800	1.000000	0.016700	1.000000	1.000000	0.015900	0.161200	1.000000	0.016700
321	0	5.293656	1.052181	False	1.000000	1.000000	0.015900	0.161200	1.000000	0.016700	1.000000	1.000000	0.016000	0.159300	1.000000	0.016700
322	0	5.048071	1.004052	False	1.000000	1.000000	0.016000	0.159300	1.000000	0.016700	1.000000	1.000000	0.016100	0.160100	1.000000	0.016700
323	0	4.886079	0.972076	False	1.000000	1.000000	0.016100	0.160100	1.000000	0.016700	1.000000	1.000000	0.016200	0.156200	1.000000	0.016700
324	0	4.755106	0.945289	False	1.000000	1.000000	0.016200	0.156200	1.000000	0.016700	1.000000	1.000000	0.016300	0.154200	1.000000	0.016700
325	0	4.550588	0.905143	False	1.000000	1.000000	0.016300	0.154200	1.000000	0.016700	1.000000	1.000000	0.016400	0.153200	1.000000	0.016700
326	0	4.408719	0.877328	False	1.000000	1.000000	0.016400	0.153200	1.000000	0.016700	1.000000	1.000000	0.016300	0.155400	1.000000	0.016700
327	0	4.313942	0.857672	False	1.000000	1.000000	0.016300	0.155400	1.000000	0.016700	1.000000	1.000000	0.016600	0.153900	1.000000	0.016700
328	0	4.137170	0.821260	False	1.000000	1.000000	0.016600	0.153900	1.000000	0.016700	1.000000	1.000000	0.016600	0.154300	1.000000	0.016700
329	0	3.833888	0.764363	False	1.000000	1.000000	0.016600	0.154300	1.000000	0.016700	1.000000	1.000000	0.016700	0.151800	1.000000	0.016700
330	0	3.901987	0.776018	False	1.000000	1.000000	0.016700	0.151800	1.000000	0.016700	1.000000	1.000000	0.016900	0.150000	1.000000	0.016700
331	0	3.768336	0.746945	False	1.000000	1.000000	0.016900	0.150000	1.000000	0.016700	1.000000	1.000000	0.017000	0.146700	1.000000	0.016700
332	0	3.376119	0.670450	False	1.000000	1.000000	0.017000	0.146700	1.000000	0.016700	1.000000	1.000000	0.016900	0.144200	1.000000	0.016700
333	0	3.156584	0.630680	False	1.000000	1.000000	0.016900	0.144200	1.000000	0.016700	1.000000	1.000000	0.017300	0.139200	1.000000	0.016700
334	0	3.355271	0.666040	False	1.000000	1.000000	0.017300	0.139200	1.000000	0.016700	1.000000	1.000000	0.017300	0.138500	1.000000	0.016700
335	0	3.108562	0.619433	False	1.000000	1.000000	0.017300	0.138500	1.000000	0.016700	1.000000	1.000000	0.017500	0.137100	1.000000	0.016700
336	0	3.129832	0.622299	False	1.000000	1.000000	0.017500	0.137100	1.000000	0.016700	1.000000	1.000000	0.017500	0.141700	1.000000	0.016700
337	0	3.006303	0.597319	False	1.000000	1.000000	0.017500	0.141700	1.000000	0.016700	1.000000	1.000000	0.017600	0.142600	1.000000	0.016700
338	1	2.843417	0.305960	False	1.000000	1.000000	0.017600	0.142600	1.000000	0.016700	1.000000	1.000000	0.017800	0.142800	1.000000	0.016700
339	0	2.342324	0.466765	False	1.000000	1.000000	0.017800	0.142800	1.000000	0.016700	1.000000	1.000000	0.017900	0.136600	1.000000	0.016700
340	0	2.360212	0.470167	False	1.000000	1.000000	0.017900	0.136600	1.000000	0.016700	1.000000	1.000000	0.018100	0.134400	1.000000	0.016700
341	0	2.361013	0.470474	False	1.000000	1.000000	0.018100	0.134400	1.000000	0.016700	1.000000	1.000000	0.018200	0.132000	1.000000	0.016700
342	3	2.377390	0.468938	False	1.000000	1.000000	0.018200	0.132000	1.000000	0.016700	1.000000	1.000000	0.018300	0.134800	1.000000	0.033300
343	0	1.887249	0.375213	False	1.000000	1.000000	0.018300	0.134800	1.000000	0.033300	1.000000	1.000000	0.018300	0.134500	1.000000	0.016700
344	0	1.810134	0.363666	False	1.000000	1.000000	0.018300	0.134500	1.000000	0.016700	1.000000	1.000000	0.018500	0.134300	1.000000	0.016700
345	0	2.135697	0.427480	False	1.000000	1.000000	0.018500	0.134300	1.000000	0.016700	1.000000	1.000000	0.018400	0.139400	1.000000	0.016700
346	0	2.351568	0.474457	False	1.000000	1.000000	0.018400	0.139400	1.000000	0.016700	1.000000	1.000000	0.018600	0.139100	1.000000	0.016700
347	0	2.987195	0.599362	False	1.000000	1.000000	0.018600	0.139100	1.000000	0.016700	1.000000	1.000000	0.018800	0.138400	1.000000	0.016700
348	0	3.441890	0.690241	False	1.000000	1.000000	0.018800	0.138400	1.000000	0.016700	1.000000	1.000000	0.019000	0.139800	1.000000	0.016700
349	0	3.928618	0.785683	False	1.000000	1.000000	0.019000	0.139800	1.000000	0.016700	1.000000	1.000000	0.019100	0.137200	1.000000	0.016700
350	0	4.255284	0.846221	False	1.000000	1.000000	0.019100	0.137200	1.000000	0.016700	1.000000	1.000000	0.019200	0.134600	1.000000	0.016700
351	0	4.103265	0.823158	False	1.000000	1.000000	0.019200	0.134600	1.000000	0.016700	1.000000	1.000000	0.019400	0.132500	1.000000	0.016700
352	0	4.713433	0.935577	False	1.000000	1.000000	0.019400	0.132500	1.000000	0.016700	1.000000	1.000000	0.019500	0.126900	1.000000	0.016700
353	0	4.359961	0.869844	False	1.000000	1.000000	0.019500	0.126900	1.000000	0.016700	1.000000	1.000000	0.019400	0.125900	1.000000	0.016700
354	0	4.500504	0.901879	False	1.000000	1.000000	0.019400	0.125900	1.000000	0.016700	1.000000	1.000000	0.019500	0.125000	1.000000	0.016700
355	4	5.067440	1.014195	False	1.000000	1.000000	0.019500	0.125000	1.000000	0.016700	1.000000	1.000000	0.019700	0.124900	1.000000	0.033300
356	0	5.569081	1.108711	False	1.000000	1.000000	0.019700	0.124900	1.000000	0.033300	1.000000	1.000000	0.019700	0.124200	1.000000	0.016700
357	0	5.499261	1.099812	False	1.000000	1.000000	0.019700	0.124200	1.000000	0.016700	1.000000	1.000000	0.019800	0.124500	1.000000	0.016700
358	1	5.958315	0.654227	False	1.000000	1.000000	0.019800	0.124500	1.000000	0.016700	1.000000	1.000000	0.019800	0.122600	1.000000	0.016700
359	0	6.290902	1.259444	False	1.000000	1.000000	0.019800	0.122600	1.000000	0.016700	1.000000	1.000000	0.020000	0.121800	1.000000	0.016700
360	0	6.954280	1.392560	False	1.000000	1.000000	0.020000	0.121800	1.000000	0.016700	1.000000	1.000000	0.019900	0.122600	1.000000	0.016700
361	1	7.720131	1.542867	False	1.000000	1.000000	0.019900	0.122600	1.000000	0.016700	1.000000	1.000000	0.020200	0.122300	1.000000	0.016700
362	0	8.248233	1.646784	False	1.000000	1.000000	0.020200	0.122300	1.000000	0.016700	1.000000	1.000000	0.020100	0.124500	1.000000	0.016700
363	0	8.640895	1.723607	False	1.000000	1.000000	0.020100	0.124500	1.000000	0.016700	1.000000	1.000000	0.020300	0.123800	1.000000	0.016700
364	0	8.886223	1.774437	False	1.000000	1.000000	0.020300	0.123800	1.000000	0.016700	1.000000	1.000000	0.020300	0.124400	1.000000	0.016700
365	0	9.338488	1.867110	False	1.000000	1.000000	0.020300	0.124400	1.000000	0.016700	1.000000	1.000000	0.020400	0.127000	1.000000	0.016700
366	0	10.063236	2.006557	False	1.000000	1.000000	0.020400	0.127000	1.000000	0.016700	1.000000	1.000000	0.020500	0.122500	1.000000	0.016700
367	0	10.268047	2.047689	False	1.000000	1.000000	0.020500	0.122500	1.000000	0.016700	1.000000	1.000000	0.020600	0.116100	1.000000	0.016700
368	0	10.508082	2.096420	False	1.000000	1.000000	0.020600	0.116100	1.000000	0.016700	1.000000	1.000000	0.020600	0.114200	1.000000	0.016700
369	0	10.844793	2.165309	False	1.000000	1.000000	0.020600	0.114200	1.000000	0.016700	1.000000	1.000000	0.020800	0.111600	1.000000	0.016700
370	0	11.373196	2.269376	False	1.000000	1.000000	0.020800	0.111600	1.000000	0.016700	1.000000	1.000000	0.020800	0.110400	1.000000	0.016700
371	0	11.775714	2.349493	False	1.000000	1.000000	0.020800	0.110400	1.000000	0.016700	1.000000	1.000000	0.020900	0.111400	1.000000	0.016700
372	0	12.171298	2.428731	False	1.000000	1.000000	0.020900	0.111400	1.000000	0.016700	1.000000	1.000000	0.021100	0.112600	1.000000	0.016700
373	4	12.813032	1.278746	False	1.000000	1.000000	0.021100	0.112600	1.000000	0.016700	1.000000	1.000000	0.021200	0.114100	1.000000	0.033300
374	0	13.081383	1.306831	False	1.000000	1.000000	0.021200	0.114100	1.000000	0.033300	1.000000	1.000000	0.021300	0.112800	1.000000	0.016700
375	0	13.126343	1.311323	False	1.000000	1.000000	0.021300	0.112800	1.000000	0.016700	1.000000	1.000000	0.021500	0.108700	1.000000	0.016700
376	0	13.270105	1.325685	False	1.000000	1.000000	0.021500	0.108700	1.000000	0.016700	1.000000	1.000000	0.021600	0.110200	1.000000	0.016700
377	0	13.165657	1.315250	False	1.000000	1.000000	0.021600	0.110200	1.000000	0.016700	1.000000	1.000000	0.021500	0.109300	1.000000	0.016700
378	0	13.540404	1.352688	False	1.000000	1.000000	0.021500	0.109300	1.000000	0.016700	1.000000	1.000000	0.021600	0.110800	1.000000	0.016700
379	0	13.679684	1.366602	False	1.000000	1.000000	0.021600	0.110800	1.000000	0.016700	1.000000	1.000000	0.021700	0.109400	1.000000	0.016700
380	0	13.922238	1.390833	False	1.000000	1.000000	0.021700	0.109400	1.000000	0.016700	1.000000	1.000000	0.021900	0.108500	1.000000	0.016700
381	0	14.027125	1.401311	False	1.000000	1.000000	0.021900	0.108500	1.000000	0.016700	1.000000	1.000000	0.021800	0.106300	1.000000	0.016700
382	0	13.980174	1.396621	False	1.000000	1.000000	0.021800	0.106300	1.000000	0.016700	1.000000	1.000000	0.022100	0.104300	1.000000	0.016700
383	0	14.243318	1.422909	False	1.000000	1.000000	0.022100	0.104300	1.000000	0.016700	1.000000	1.000000	0.022100	0.106600	1.000000	0.016700
384	4	14.301516	1.428723	False	1.000000	1.000000	0.022100	0.106600	1.000000	0.016700	1.000000	1.000000	0.022100	0.103000	1.000000	0.033300
385	0	14.338620	1.432430	False	1.000000	1.000000	0.022100	0.103000	1.000000	0.033300	1.000000	1.000000	0.022300	0.099200	1.000000	0.016700
386	0	14.331173	1.431686	False	1.000000	1.000000	0.022300	0.099200	1.000000	0.016700	1.000000	1.000000	0.022500	0.098300	1.000000	0.016700
387	0	14.336088	1.432177	False	1.000000	1.000000	0.022500	0.098300	1.000000	0.016700	1.000000	1.000000	0.022600	0.096200	1.000000	0.016700
388	0	14.164452	1.415030	False	1.000000	1.000000	0.022600	0.096200	1.000000	0.016700	1.000000	1.000000	0.022600	0.096900	1.000000	0.016700
389	0	14.158664	1.414452	False	1.000000	1.000000	0.022600	0.096900	1.000000	0.016700	1.000000	1.000000	0.022800	0.099300	1.000000	0.016700
390	0	14.088924	1.407485	False	1.000000	1.000000	0.022800	0.099300	1.000000	0.016700	1.000000	1.000000	0.022800	0.101800	1.000000	0.016700
391	0	14.429102	1.441469	False	1.000000	1.000000	0.022800	0.101800	1.000000	0.016700	1.000000	1.000000	0.022800	0.102200	1.000000	0.016700
392	0	14.736674	1.472195	False	1.000000	1.000000	0.022800	0.102200	1.000000	0.016700	1.000000	1.000000	0.023100	0.101300	1.000000	0.016700
393	0	14.698819	1.468413	False	1.000000	1.000000	0.023100	0.101300	1.000000	0.016700	1.000000	1.000000	0.023200	0.099600	1.000000	0.016700
394	0	14.716713	1.470201	False	1.000000	1.000000	0.023200	0.099600	1.000000	0.016700	1.000000	1.000000	0.023200	0.099400	1.000000	0.016700
395	0	14.586300	1.457173	False	1.000000	1.000000	0.023200	0.099400	1.000000	0.016700	1.000000	1.000000	0.023400	0.096600	1.000000	0.016700
396	0	14.888522	1.487365	False	1.000000	1.000000	0.023400	0.096600	1.000000	0.016700	1.000000	1.000000	0.023400	0.095000	1.000000	0.016700
397	0	15.014570	1.641116	False	1.000000	1.000000	0.023400	0.095000	1.000000	0.016700	1.000000	1.000000	0.023500	0.097100	1.000000	0.016700
398	0	15.023307	2.838257	False	1.000000	1.000000	0.023500	0.097100	1.000000	0.016700	1.000000	1.000000	0.023700	0.094600	1.000000	0.016700
399	0	15.213458	1.519826	False	1.000000	1.000000	0.023700	0.094600	1.000000	0.016700	1.000000	1.000000	0.023900	0.092900	1.000000	0.016700
400	0	15.358488	1.534314	False	1.000000	1.000000	0.023900	0.092900	1.000000	0.016700	1.000000	1.000000	0.023800	0.093000	1.000000	0.016700
401	0	15.560538	1.554499	False	1.000000	1.000000	0.023800	0.093000	1.000000	0.016700	1.000000	1.000000	0.023900	0.093100	1.000000	0.016700
402	0	15.521001	2.948362	False	1.000000	1.000000	0.023900	0.093100	1.000000	0.016700	1.000000	1.000000	0.023800	0.094000	1.000000	0.016700
403	0	15.735677	1.571996	False	1.000000	1.000000	0.023800	0.094000	1.000000	0.016700	1.000000	1.000000	0.024000	0.095400	1.000000	0.016700
404	0	15.703490	1.731547	False	1.000000	1.000000	0.024000	0.095400	1.000000	0.016700	1.000000	1.000000	0.023900	0.095000	1.000000	0.016700
405	0	15.660279	3.106787	False	1.000000	1.000000	0.023900	0.095000	1.000000	0.016700	1.000000	1.000000	0.024200	0.094600	1.000000	0.016700
406	0	15.813462	1.579766	False	1.000000	1.000000	0.024200	0.094600	1.000000	0.016700	1.000000	1.000000	0.024100	0.094900	1.000000	0.016700
407	0	15.995615	1.597963	False	1.000000	1.000000	0.024100	0.094900	1.000000	0.016700	1.000000	1.000000	0.024100	0.093200	1.000000	0.016700
408	0	15.804013	1.578823	False	1.000000	1.000000	0.024100	0.093200	1.000000	0.016700	1.000000	1.000000	0.024300	0.092000	1.000000	0.016700
409	0	16.047632	1.603160	False	1.000000	1.000000	0.024300	0.092000	1.000000	0.016700	1.000000	1.000000	0.024300	0.089300	1.000000	0.016700
410	0	15.970497	1.595454	False	1.000000	1.000000	0.024300	0.089300	1.000000	0.016700	1.000000	1.000000	0.024500	0.091000	1.000000	0.016700
411	0	16.364508	1.634816	False	1.000000	1.000000	0.024500	0.091000	1.000000	0.016700	1.000000	1.000000	0.024700	0.087000	1.000000	0.016700
412	0	16.263551	1.624730	False	1.000000	1.000000	0.024700	0.087000	1.000000	0.016700	1.000000	1.000000	0.024700	0.089100	1.000000	0.016700
413	0	16.223636	1.620743	False	1.000000	1.000000	0.024700	0.089100	1.000000	0.016700	1.000000	1.000000	0.024900	0.089300	1.000000	0.016700
414	0	16.030370	1.601436	False	1.000000	1.000000	0.024900	0.089300	1.000000	0.016700	1.000000	1.000000	0.025000	0.088700	1.000000	0.016700
415	0	16.060489	1.604444	False	1.000000	1.000000	0.025000	0.088700	1.000000	0.016700	1.000000	1.000000	0.025200	0.089000	1.000000	0.016700
416	0	16.027373	1.601136	False	1.000000	1.000000	0.025200	0.089000	1.000000	0.016700	1.000000	1.000000	0.025100	0.088700	1.000000	0.016700
417	0	15.526024	1.551051	False	1.000000	1.000000	0.025100	0.088700	1.000000	0.016700	1.000000	1.000000	0.025300	0.086000	1.000000	0.016700
418	0	15.640853	1.562523	False	1.000000	1.000000	0.025300	0.086000	1.000000	0.016700	1.000000	1.000000	0.025400	0.083700	1.000000	0.016700
419	0	15.298285	1.528300	False	1.000000	1.000000	0.025400	0.083700	1.000000	0.016700	1.000000	1.000000	0.025400	0.082600	1.000000	0.016700
420	0	15.103514	1.508843	False	1.000000	1.000000	0.025400	0.082600	1.000000	0.016700	1.000000	1.000000	0.025500	0.083000	1.000000	0.016700
421	0	15.103772	1.508868	False	1.000000	1.000000	0.025500	0.083000	1.000000	0.016700	1.000000	1.000000	0.025600	0.083500	1.000000	0.016700
422	0	15.062038	1.504699	False	1.000000	1.000000	0.025600	0.083500	1.000000	0.016700	1.000000	1.000000	0.025600	0.082100	1.000000	0.016700
423	0	15.123374	1.510827	False	1.000000	1.000000	0.025600	0.082100	1.000000	0.016700	1.000000	1.000000	0.025800	0.080700	1.000000	0.016700
424	0	15.328896	1.531358	False	1.000000	1.000000	0.025800	0.080700	1.000000	0.016700	1.000000	1.000000	0.026100	0.081800	1.000000	0.016700
425	0	15.469056	1.545360	False	1.000000	1.000000	0.026100	0.081800	1.000000	0.016700	1.000000	1.000000	0.026200	0.084100	1.000000	0.016700
426	0	15.249480	1.523425	False	1.000000	1.000000	0.026200	0.084100	1.000000	0.016700	1.000000	1.000000	0.026300	0.085000	1.000000	0.016700
427	0	15.290059	1.527478	False	1.000000	1.000000	0.026300	0.085000	1.000000	0.016700	1.000000	1.000000	0.026300	0.086100	1.000000	0.016700
428	0	15.048370	1.503334	False	1.000000	1.000000	0.026300	0.086100	1.000000	0.016700	1.000000	1.000000	0.026300	0.084700	1.000000	0.016700
429	0	14.917772	1.490287	False	1.000000	1.000000	0.026300	0.084700	1.000000	0.016700	1.000000	1.000000	0.026400	0.085500	1.000000	0.016700
430	0	14.799799	1.478501	False	1.000000	1.000000	0.026400	0.085500	1.000000	0.016700	1.000000	1.000000	0.026400	0.085600	1.000000	0.016700
431	0	14.880120	1.486526	False	1.000000	1.000000	0.026400	0.085600	1.000000	0.016700	1.000000	1.000000	0.026500	0.082200	1.000000	0.016700
432	0	15.074876	1.505982	False	1.000000	1.000000	0.026500	0.082200	1.000000	0.016700	1.000000	1.000000	0.026500	0.077800	1.000000	0.016700
433	0	15.067020	1.505197	False	1.000000	1.000000	0.026500	0.077800	1.000000	0.016700	1.000000	1.000000	0.026500	0.078000	1.000000	0.016700
434	0	14.703922	1.468923	False	1.000000	1.000000	0.026500	0.078000	1.000000	0.016700	1.000000	1.000000	0.026500	0.079800	1.000000	0.016700
435	0	15.037455	1.502243	False	1.000000	1.000000	0.026500	0.079800	1.000000	0.016700	1.000000	1.000000	0.026800	0.078900	1.000000	0.016700
436	0	14.918125	1.490322	False	1.000000	1.000000	0.026800	0.078900	1.000000	0.016700	1.000000	1.000000	0.026800	0.078200	1.000000	0.016700
437	0	15.290834	1.527556	False	1.000000	1.000000	0.026800	0.078200	1.000000	0.016700	1.000000	1.000000	0.027100	0.075700	1.000000	0.016700
438	0	15.070846	1.505579	False	1.000000	1.000000	0.027100	0.075700	1.000000	0.016700	1.000000	1.000000	0.027200	0.075700	1.000000	0.016700
439	0	14.990500	1.497552	False	1.000000	1.000000	0.027200	0.075700	1.000000	0.016700	1.000000	1.000000	0.027300	0.075000	1.000000	0.016700
440	0	15.268659	1.525341	False	1.000000	1.000000	0.027300	0.075000	1.000000	0.016700	1.000000	1.000000	0.027300	0.073300	1.000000	0.016700
441	0	14.855418	1.484058	False	1.000000	1.000000	0.027300	0.073300	1.000000	0.016700	1.000000	1.000000	0.027600	0.072800	1.000000	0.016700
442	0	15.071539	1.505648	False	1.000000	1.000000	0.027600	0.072800	1.000000	0.016700	1.000000	1.000000	0.027500	0.075100	1.000000	0.016700
443	0	14.834526	1.481971	False	1.000000	1.000000	0.027500	0.075100	1.000000	0.016700	1.000000	1.000000	0.027600	0.075100	1.000000	0.016700
444	0	14.938532	1.492361	False	1.000000	1.000000	0.027600	0.075100	1.000000	0.016700	1.000000	1.000000	0.027700	0.075100	1.000000	0.016700
445	0	15.218405	1.520320	False	1.000000	1.000000	0.027700	0.075100	1.000000	0.016700	1.000000	1.000000	0.027700	0.074800	1.000000	0.016700
446	0	15.212314	1.519712	False	1.000000	1.000000	0.027700	0.074800	1.000000	0.016700	1.000000	1.000000	0.027700	0.074600	1.000000	0.016700
447	0	15.483387	1.546792	False	1.000000	1.000000	0.027700	0.074600	1.000000	0.016700	1.000000	1.000000	0.027900	0.070800	1.000000	0.016700
448	0	15.421704	1.540630	False	1.000000	1.000000	0.027900	0.070800	1.000000	0.016700	1.000000	1.000000	0.027800	0.071400	1.000000	0.016700
449	0	14.971176	1.495622	False	1.000000	1.000000	0.027800	0.071400	1.000000	0.016700	1.000000	1.000000	0.028000	0.072400	1.000000	0.016700
450	0	15.040178	1.502515	False	1.000000	1.000000	0.028000	0.072400	1.000000	0.016700	1.000000	1.000000	0.028200	0.072400	1.000000	0.016700
451	0	15.134039	1.511892	False	1.000000	1.000000	0.028200	0.072400	1.000000	0.016700	1.000000	1.000000	0.028400	0.074100	1.000000	0.016700
452	0	15.371950	1.535659	False	1.000000	1.000000	0.028400	0.074100	1.000000	0.016700	1.000000	1.000000	0.028500	0.073900	1.000000	0.016700
453	0	15.543194	2.933617	False	1.000000	1.000000	0.028500	0.073900	1.000000	0.016700	1.000000	1.000000	0.028500	0.074400	1.000000	0.016700
454	0	15.775237	1.575948	False	1.000000	1.000000	0.028500	0.074400	1.000000	0.016700	1.000000	1.000000	0.028600	0.074500	1.000000	0.016700
455	0	16.186389	1.617022	False	1.000000	1.000000	0.028600	0.074500	1.000000	0.016700	1.000000	1.000000	0.028700	0.072800	1.000000	0.016700
456	0	16.254478	1.623824	False	1.000000	1.000000	0.028700	0.072800	1.000000	0.016700	1.000000	1.000000	0.028500	0.075000	1.000000	0.016700
457	0	16.524300	1.650779	False	1.000000	1.000000	0.028500	0.075000	1.000000	0.016700	1.000000	1.000000	0.028800	0.074600	1.000000	0.016700
458	0	16.755248	1.673851	False	1.000000	1.000000	0.028800	0.074600	1.000000	0.016700	1.000000	1.000000	0.028800	0.074500	1.000000	0.016700
459	0	16.750082	1.673335	False	1.000000	1.000000	0.028800	0.074500	1.000000	0.016700	1.000000	1.000000	0.028900	0.072200	1.000000	0.016700
460	0	16.856258	1.683942	False	1.000000	1.000000	0.028900	0.072200	1.000000	0.016700	1.000000	1.000000	0.029000	0.070500	1.000000	0.016700
461	0	17.194276	1.717710	False	1.000000	1.000000	0.029000	0.070500	1.000000	0.016700	1.000000	1.000000	0.029100	0.068600	1.000000	0.016700
462	0	17.602407	1.758482	False	1.000000	1.000000	0.029100	0.068600	1.000000	0.016700	1.000000	1.000000	0.029000	0.068800	1.000000	0.016700
463	0	18.054640	1.803660	False	1.000000	1.000000	0.029000	0.068800	1.000000	0.016700	1.000000	1.000000	0.029200	0.067300	1.000000	0.016700
464	0	17.899570	1.788169	False	1.000000	1.000000	0.029200	0.067300	1.000000	0.016700	1.000000	1.000000	0.029200	0.067100	1.000000	0.016700
465	0	18.221194	1.820299	False	1.000000	1.000000	0.029200	0.067100	1.000000	0.016700	1.000000	1.000000	0.029200	0.066400	1.000000	0.016700
466	0	18.398439	1.838006	False	1.000000	1.000000	0.029200	0.066400	1.000000	0.016700	1.000000	1.000000	0.029400	0.064900	1.000000	0.016700
467	0	18.953563	1.893463	False	1.000000	1.000000	0.029400	0.064900	1.000000	0.016700	1.000000	1.000000	0.029500	0.067100	1.000000	0.016700
468	0	18.692283	2.037067	False	1.000000	1.000000	0.029500	0.067100	1.000000	0.016700	1.000000	1.000000	0.029500	0.066600	1.000000	0.016700
469	0	18.948856	3.500812	False	1.000000	1.000000	0.029500	0.066600	1.000000	0.016700	1.000000	1.000000	0.029500	0.067700	1.000000	0.016700
470	0	19.102745	1.908366	False	1.000000	1.000000	0.029500	0.067700	1.000000	0.016700	1.000000	1.000000	0.029700	0.067500	1.000000	0.016700
471	0	19.545587	1.952606	False	1.000000	1.000000	0.029700	0.067500	1.000000	0.016700	1.000000	1.000000	0.029800	0.069200	1.000000	0.016700
472	0	19.651973	1.963234	False	1.000000	1.000000	0.029800	0.069200	1.000000	0.016700	1.000000	1.000000	0.029900	0.067900	1.000000	0.016700
473	0	20.069753	2.004970	False	1.000000	1.000000	0.029900	0.067900	1.000000	0.016700	1.000000	1.000000	0.030100	0.067500	1.000000	0.016700
474	0	20.465548	2.044510	False	1.000000	1.000000	0.030100	0.067500	1.000000	0.016700	1.000000	1.000000	0.030200	0.065100	1.000000	0.016700
475	0	19.682546	1.966288	False	1.000000	1.000000	0.030200	0.065100	1.000000	0.016700	1.000000	1.000000	0.030200	0.065100	1.000000	0.016700
476	0	19.910572	1.989068	False	1.000000	1.000000	0.030200	0.065100	1.000000	0.016700	1.000000	1.000000	0.030300	0.063100	1.000000	0.016700
477	0	20.348346	2.032802	False	1.000000	1.000000	0.030300	0.063100	1.000000	0.016700	1.000000	1.000000	0.030500	0.064700	1.000000	0.016700
478	0	20.380880	2.036052	False	1.000000	1.000000	0.030500	0.064700	1.000000	0.016700	1.000000	1.000000	0.030500	0.063800	1.000000	0.016700
479	0	20.616456	2.059586	False	1.000000	1.000000	0.030500	0.063800	1.000000	0.016700	1.000000	1.000000	0.030600	0.064900	1.000000	0.016700
480	0	20.701949	2.068127	False	1.000000	1.000000	0.030600	0.064900	1.000000	0.016700	1.000000	1.000000	0.030500	0.065900	1.000000	0.016700
481	0	20.672963	2.065231	False	1.000000	1.000000	0.030500	0.065900	1.000000	0.016700	1.000000	1.000000	0.030800	0.063900	1.000000	0.016700
482	0	20.692179	2.067151	False	1.000000	1.000000	0.030800	0.063900	1.000000	0.016700	1.000000	1.000000	0.030800	0.064400	1.000000	0.016700
483	0	20.718683	2.069799	False	1.000000	1.000000	0.030800	0.064400	1.000000	0.016700	1.000000	1.000000	0.031000	0.063400	1.000000	0.016700
484	0	20.831870	2.081106	False	1.000000	1.000000	0.031000	0.063400	1.000000	0.016700	1.000000	1.000000	0.031000	0.061700	1.000000	0.016700
485	0	20.810535	2.078974	False	1.000000	1.000000	0.031000	0.061700	1.000000	0.016700	1.000000	1.000000	0.031200	0.061100	1.000000	0.016700
486	0	20.561935	2.054139	False	1.000000	1.000000	0.031200	0.061100	1.000000	0.016700	1.000000	1.000000	0.031200	0.059900	1.000000	0.016700
487	0	20.401723	2.038134	False	1.000000	1.000000	0.031200	0.059900	1.000000	0.016700	1.000000	1.000000	0.031500	0.057400	1.000000	0.016700
488	0	20.310590	2.029030	False	1.000000	1.000000	0.031500	0.057400	1.000000	0.016700	1.000000	1.000000	0.031400	0.057200	1.000000	0.016700
489	0	20.397173	2.037680	False	1.000000	1.000000	0.031400	0.057200	1.000000	0.016700	1.000000	1.000000	0.031600	0.056300	1.000000	0.016700
490	0	20.653418	2.063279	False	1.000000	1.000000	0.031600	0.056300	1.000000	0.016700	1.000000	1.000000	0.031900	0.054800	1.000000	0.016700
491	0	20.819135	2.079834	False	1.000000	1.000000	0.031900	0.054800	1.000000	0.016700	1.000000	1.000000	0.032100	0.056300	1.000000	0.016700
492	0	20.628407	2.060780	False	1.000000	1.000000	0.032100	0.056300	1.000000	0.016700	1.000000	1.000000	0.032100	0.056800	1.000000	0.016700
493	0	20.305450	2.028516	False	1.000000	1.000000	0.032100	0.056800	1.000000	0.016700	1.000000	1.000000	0.032300	0.058900	1.000000	0.016700
494	0	20.500359	2.047988	False	1.000000	1.000000	0.032300	0.058900	1.000000	0.016700	1.000000	1.000000	0.032300	0.058700	1.000000	0.016700
495	0	20.189512	2.016934	False	1.000000	1.000000	0.032300	0.058700	1.000000	0.016700	1.000000	1.000000	0.032400	0.059000	1.000000	0.016700
496	0	20.185985	2.016582	False	1.000000	1.000000	0.032400	0.059000	1.000000	0.016700	1.000000	1.000000	0.032500	0.060000	1.000000	0.016700
497	0	20.104321	2.008424	False	1.000000	1.000000	0.032500	0.060000	1.000000	0.016700	1.000000	1.000000	0.032700	0.058600	1.000000	0.016700
498	0	20.325472	2.030517	False	1.000000	1.000000	0.032700	0.058600	1.000000	0.016700	1.000000	1.000000	0.032800	0.056900	1.000000	0.016700
499	0	20.582407	2.056184	False	1.000000	1.000000	0.032800	0.056900	1.000000	0.016700	1.000000	1.000000	0.032800	0.056800	1.000000	0.016700
500	0	20.610794	2.059020	False	1.000000	1.000000	0.032800	0.056800	1.000000	0.016700	1.000000	1.000000	0.033000	0.057600	1.000000	0.016700
501	0	20.701485	2.068080	False	1.000000	1.000000	0.033000	0.057600	1.000000	0.016700	1.000000	1.000000	0.033100	0.057000	1.000000	0.016700
502	0	20.847764	2.082694	False	1.000000	1.000000	0.033100	0.057000	1.000000	0.016700	1.000000	1.000000	0.033100	0.055500	1.000000	0.016700
503	0	20.533678	2.051316	False	1.000000	1.000000	0.033100	0.055500	1.000000	0.016700	1.000000	1.000000	0.033300	0.053400	1.000000	0.016700
504	0	20.454900	2.043447	False	1.000000	1.000000	0.033300	0.053400	1.000000	0.016700	1.000000	1.000000	0.033300	0.053800	1.000000	0.016700
505	0	20.719068	2.069837	False	1.000000	1.000000	0.033300	0.053800	1.000000	0.016700	1.000000	1.000000	0.033400	0.054100	1.000000	0.016700
506	0	20.612000	2.059141	False	1.000000	1.000000	0.033400	0.054100	1.000000	0.016700	1.000000	1.000000	0.033400	0.054000	1.000000	0.016700
507	0	20.590299	2.056973	False	1.000000	1.000000	0.033400	0.054000	1.000000	0.016700	1.000000	1.000000	0.033600	0.054600	1.000000	0.016700
508	0	20.550998	2.053047	False	1.000000	1.000000	0.033600	0.054600	1.000000	0.016700	1.000000	1.000000	0.033500	0.056000	1.000000	0.016700
509	0	20.509413	2.048892	False	1.000000	1.000000	0.033500	0.056000	1.000000	0.016700	1.000000	1.000000	0.033600	0.054800	1.000000	0.016700
510	0	20.127640	2.010753	False	1.000000	1.000000	0.033600	0.054800	1.000000	0.016700	1.000000	1.000000	0.033700	0.055300	1.000000	0.016700
511	0	20.215965	2.019577	False	1.000000	1.000000	0.033700	0.055300	1.000000	0.016700	1.000000	1.000000	0.033800	0.053900	1.000000	0.016700
512	0	20.080805	2.006074	False	1.000000	1.000000	0.033800	0.053900	1.000000	0.016700	1.000000	1.000000	0.033800	0.053600	1.000000	0.016700
513	0	19.883563	1.986370	False	1.000000	1.000000	0.033800	0.053600	1.000000	0.016700	1.000000	1.000000	0.034100	0.053100	1.000000	0.016700
514	0	20.127168	2.010706	False	1.000000	1.000000	0.034100	0.053100	1.000000	0.016700	1.000000	1.000000	0.034100	0.052300	1.000000	0.016700
515	0	19.902510	1.988263	False	1.000000	1.000000	0.034100	0.052300	1.000000	0.016700	1.000000	1.000000	0.034300	0.053000	1.000000	0.016700
516	0	19.397915	1.937854	False	1.000000	1.000000	0.034300	0.053000	1.000000	0.016700	1.000000	1.000000	0.034400	0.053800	1.000000	0.016700
517	0	19.357480	1.933814	False	1.000000	1.000000	0.034400	0.053800	1.000000	0.016700	1.000000	1.000000	0.034400	0.055000	1.000000	0.016700
518	0	19.455484	1.943605	False	1.000000	1.000000	0.034400	0.055000	1.000000	0.016700	1.000000	1.000000	0.034500	0.055000	1.000000	0.016700
519	0	19.092512	1.907344	False	1.000000	1.000000	0.034500	0.055000	1.000000	0.016700	1.000000	1.000000	0.034600	0.053000	1.000000	0.016700
520	0	19.061491	1.904245	False	1.000000	1.000000	0.034600	0.053000	1.000000	0.016700	1.000000	1.000000	0.034800	0.053000	1.000000	0.016700
521	0	19.210118	1.919093	False	1.000000	1.000000	0.034800	0.053000	1.000000	0.016700	1.000000	1.000000	0.034900	0.052200	1.000000	0.016700
522	0	18.897673	1.887879	False	1.000000	1.000000	0.034900	0.052200	1.000000	0.016700	1.000000	1.000000	0.034800	0.051300	1.000000	0.016700
523	0	18.667601	1.864895	False	1.000000	1.000000	0.034800	0.051300	1.000000	0.016700	1.000000	1.000000	0.035100	0.051200	1.000000	0.016700
524	0	18.475351	1.845689	False	1.000000	1.000000	0.035100	0.051200	1.000000	0.016700	1.000000	1.000000	0.035100	0.050700	1.000000	0.016700
525	0	18.180757	3.475936	False	1.000000	1.000000	0.035100	0.050700	1.000000	0.016700	1.000000	1.000000	0.035100	0.049500	1.000000	0.016700
526	0	18.010863	1.799287	False	1.000000	1.000000	0.035100	0.049500	1.000000	0.016700	1.000000	1.000000	0.035200	0.049700	1.000000	0.016700
527	0	17.674672	1.765701	False	1.000000	1.000000	0.035200	0.049700	1.000000	0.016700	1.000000	1.000000	0.035200	0.047300	1.000000	0.016700
528	0	17.778387	1.776063	False	1.000000	1.000000	0.035200	0.047300	1.000000	0.016700	1.000000	1.000000	0.035500	0.046800	1.000000	0.016700
529	0	17.678071	1.766041	False	1.000000	1.000000	0.035500	0.046800	1.000000	0.016700	1.000000	1.000000	0.035800	0.048100	1.000000	0.016700
530	0	17.835709	1.781789	False	1.000000	1.000000	0.035800	0.048100	1.000000	0.016700	1.000000	1.000000	0.035800	0.049400	1.000000	0.016700
531	0	17.567925	1.755038	False	1.000000	1.000000	0.035800	0.049400	1.000000	0.016700	1.000000	1.000000	0.035800	0.049900	1.000000	0.016700
532	0	17.576209	1.755865	False	1.000000	1.000000	0.035800	0.049900	1.000000	0.016700	1.000000	1.000000	0.035800	0.050400	1.000000	0.016700
533	0	17.426349	1.740894	False	1.000000	1.000000	0.035800	0.050400	1.000000	0.016700	1.000000	1.000000	0.036200	0.048700	1.000000	0.016700
534	0	17.004608	1.698762	False	1.000000	1.000000	0.036200	0.048700	1.000000	0.016700	1.000000	1.000000	0.036000	0.049200	1.000000	0.016700
535	0	16.645195	1.831958	False	1.000000	1.000000	0.036000	0.049200	1.000000	0.016700	1.000000	1.000000	0.036100	0.048400	1.000000	0.016700
536	0	16.574902	3.258148	False	1.000000	1.000000	0.036100	0.048400	1.000000	0.016700	1.000000	1.000000	0.036200	0.047800	1.000000	0.016700
537	0	16.638488	1.662187	False	1.000000	1.000000	0.036200	0.047800	1.000000	0.016700	1.000000	1.000000	0.036300	0.047000	1.000000	0.016700
538	0	16.510612	1.649412	False	1.000000	1.000000	0.036300	0.047000	1.000000	0.016700	1.000000	1.000000	0.036100	0.047200	1.000000	0.016700
539	0	16.310655	1.629436	False	1.000000	1.000000	0.036100	0.047200	1.000000	0.016700	1.000000	1.000000	0.036400	0.047300	1.000000	0.016700
540	0	16.290422	1.627415	False	1.000000	1.000000	0.036400	0.047300	1.000000	0.016700	1.000000	1.000000	0.036200	0.046800	1.000000	0.016700
541	0	15.993331	1.597735	False	1.000000	1.000000	0.036200	0.046800	1.000000	0.016700	1.000000	1.000000	0.036500	0.046700	1.000000	0.016700
542	0	16.114770	1.609867	False	1.000000	1.000000	0.036500	0.046700	1.000000	0.016700	1.000000	1.000000	0.036600	0.045500	1.000000	0.016700
543	0	16.043240	1.602721	False	1.000000	1.000000	0.036600	0.045500	1.000000	0.016700	1.000000	1.000000	0.036800	0.046500	1.000000	0.016700
544	0	15.780966	1.576520	False	1.000000	1.000000	0.036800	0.046500	1.000000	0.016700	1.000000	1.000000	0.036800	0.047900	1.000000	0.016700
545	0	15.661206	1.564556	False	1.000000	1.000000	0.036800	0.047900	1.000000	0.016700	1.000000	1.000000	0.036800	0.050400	1.000000	0.016700
546	0	15.900428	1.588454	False	1.000000	1.000000	0.036800	0.050400	1.000000	0.016700	1.000000	1.000000	0.036900	0.050900	1.000000	0.016700
547	0	15.602995	1.558741	False	1.000000	1.000000	0.036900	0.050900	1.000000	0.016700	1.000000	1.000000	0.036900	0.050000	1.000000	0.016700
548	0	15.679820	1.714900	False	1.000000	1.000000	0.036900	0.050000	1.000000	0.016700	1.000000	1.000000	0.036900	0.047600	1.000000	0.016700
549	0	16.008132	3.006031	False	1.000000	1.000000	0.036900	0.047600	1.000000	0.016700	1.000000	1.000000	0.037100	0.046300	1.000000	0.016700
550	0	16.714384	1.669769	False	1.000000	1.000000	0.037100	0.046300	1.000000	0.016700	1.000000	1.000000	0.037200	0.046800	1.000000	0.016700
551	0	16.609371	1.659278	False	1.000000	1.000000	0.037200	0.046800	1.000000	0.016700	1.000000	1.000000	0.037200	0.044700	1.000000	0.016700
552	0	16.603691	1.658710	False	1.000000	1.000000	0.037200	0.044700	1.000000	0.016700	1.000000	1.000000	0.037300	0.043400	1.000000	0.016700
553	0	16.890324	1.687345	False	1.000000	1.000000	0.037300	0.043400	1.000000	0.016700	1.000000	1.000000	0.037300	0.042600	1.000000	0.016700
554	0	17.036390	1.701937	False	1.000000	1.000000	0.037300	0.042600	1.000000	0.016700	1.000000	1.000000	0.037400	0.042800	1.000000	0.016700
555	0	17.145728	1.712860	False	1.000000	1.000000	0.037400	0.042800	1.000000	0.016700	1.000000	1.000000	0.037400	0.043500	1.000000	0.016700
556	0	17.909943	1.789205	False	1.000000	1.000000	0.037400	0.043500	1.000000	0.016700	1.000000	1.000000	0.037600	0.041900	1.000000	0.016700
557	0	18.328378	1.831007	False	1.000000	1.000000	0.037600	0.041900	1.000000	0.016700	1.000000	1.000000	0.037800	0.042800	1.000000	0.016700
558	0	18.627555	1.860895	False	1.000000	1.000000	0.037800	0.042800	1.000000	0.016700	1.000000	1.000000	0.037800	0.043100	1.000000	0.016700
559	0	19.315089	1.929579	False	1.000000	1.000000	0.037800	0.043100	1.000000	0.016700	1.000000	1.000000	0.037900	0.042200	1.000000	0.016700
560	0	19.829061	1.980925	False	1.000000	1.000000	0.037900	0.042200	1.000000	0.016700	1.000000	1.000000	0.037800	0.044100	1.000000	0.016700
561	0	20.146555	2.012643	False	1.000000	1.000000	0.037800	0.044100	1.000000	0.016700	1.000000	1.000000	0.038000	0.045100	1.000000	0.016700
562	0	20.596151	2.057558	False	1.000000	1.000000	0.038000	0.045100	1.000000	0.016700	1.000000	1.000000	0.038000	0.044300	1.000000	0.016700
563	0	20.419401	2.039900	False	1.000000	1.000000	0.038000	0.044300	1.000000	0.016700	1.000000	1.000000	0.038200	0.042800	1.000000	0.016700
